id;Município;Ano;COB_SUS;POP_60+;pop_60_porc;POP_TOT;POP_3059;pop_3059_porc;pop_ratio;IDH_MUN;COB_BFA;COB_SAN;LEIT_porc_MUN;MED_porc_MUN;UBS_porc_MUN;DESP_CAP;PIB_CAP
1;Arujá;2000;72.07;3333;0.05529931;60272;20886;0.35;0.401828378;0.67;;28.15;;;;63.5;
1;Arujá;2001;64.12;3555;0.057214131;62135;21862;0.35;0.409060916;;;;;;;115.69;
1;Arujá;2002;66.59;3777;0.059127413;63879;22816;0.36;0.416302697;;;;;;;81.34;9099.63
1;Arujá;2003;68.26;3996;0.060957379;65554;23755;0.36;0.423330384;;;;;;;106.22;10253.17
1;Arujá;2004;65.72;4222;0.062817098;67211;24696;0.37;0.430256952;;;;;;;143.94;12185.02
1;Arujá;2005;64.11;4465;0.064840766;68861;25643;0.37;0.43722862;;27.06;;0;0.86;0;151.44;14351.4
1;Arujá;2006;60.29;4790;0.067977975;70464;26600;0.38;0.445475704;;;;0;1.15;0;160.03;15135.27
1;Arujá;2007;57.13;5128;0.07120541;72017;27550;0.38;0.453753975;;;;0;1.01;0;215.19;16558.15
1;Arujá;2008;57.85;5490;0.074601514;73591;28508;0.39;0.461985841;;84.99;;0;0.86;0.68;262.73;20985.51
1;Arujá;2009;65.69;5876;0.078142454;75196;29475;0.39;0.470118091;;;;0;0.57;0.66;254.45;21558.5
1;Arujá;2010;66.51;6276;0.081732585;76787;30438;0.4;0.478127808;0.784;71.03;58.3;0.12;0.7;0.78;280.07;26598.86
1;Arujá;2011;64.55;6787;0.086725958;78258;31317;0.4;0.486902298;;;;0.19;0.75;0.77;335.13;28319.31
1;Arujá;2012;63.65;7312;0.091694569;79743;32192;0.4;0.495391445;;;;0.19;0.88;0.88;439.33;30284.88
1;Arujá;2013;61.81;7849;0.096643519;81216;33056;0.41;0.503656915;;;;0.18;1.06;0.86;475.19;36452.77
1;Arujá;2014;63.5;8400;0.101585459;82689;33899;0.41;0.511543252;;;;0.18;0.98;0.85;525.05;46739.63
1;Arujá;2015;64.7;8968;0.106513374;84196;34714;0.41;0.518813245;;48.87;;0.18;1.06;0.83;559.1;58323.7
1;Arujá;2016;66.65;9609;0.112187832;85651;35506;0.41;0.526730569;;;;0.28;1.06;0.93;658.51;57597.37
1;Arujá;2017;66.76;10262;0.11788221;87053;36255;0.42;0.534352636;;;;0.28;1.11;0.92;645.43;62283.11
1;Arujá;2018;65.64;10929;0.12355435;88455;36970;0.42;0.541506981;;44.76;;0.27;1.03;0.9;721.42;
1;Arujá;2019;65.16;11598;0.129119166;89824;37637;0.42;0.548127449;;;;0.27;1.16;0.89;750.09;
1;Arujá;2020;65.69;12273;0.134635848;91157;38256;0.42;0.554307404;;;;0.33;1.12;0.77;;
2;Barueri;2000;29.01;9510;0.04483565;212108;72451;0.34;0.386411639;0.705;;79.33;;;;280.28;
2;Barueri;2001;31.48;10115;0.046823935;216022;75021;0.35;0.394108008;;;;;;;301.01;
2;Barueri;2002;26.67;10717;0.048783485;219685;77579;0.35;0.401920932;;;;;;;353.83;51430.31
2;Barueri;2003;38.87;11324;0.050734085;223203;80125;0.36;0.409712235;;;;;;;335.84;62952.04
2;Barueri;2004;36.14;11957;0.05274767;226683;82694;0.36;0.417547853;;;;;;;410.61;72508.84
2;Barueri;2005;31.46;12628;0.054868802;230149;85287;0.37;0.425441779;;0;;0.32;1.43;0.7;474.92;90317.83
2;Barueri;2006;35.11;13490;0.057768813;233517;87734;0.38;0.433475935;;;;0.36;1.88;0.69;513.93;109996.19
2;Barueri;2007;35.92;14393;0.060786897;236778;90193;0.38;0.441704888;;;;0.41;2.18;0.68;644.3;123285.9
2;Barueri;2008;39.98;15368;0.06401093;240084;92679;0.39;0.45003832;;69.86;;0.92;2.86;0.62;807.1;117092.84
2;Barueri;2009;41.2;16415;0.067424915;243456;95188;0.39;0.458411376;;;;1.49;4.16;0.62;931.58;120105.49
2;Barueri;2010;40.93;17496;0.070891985;246798;97698;0.4;0.466754188;0.786;63.14;90.95;1.55;4.62;0.65;1032.41;124839.18
2;Barueri;2011;39.38;18809;0.075269721;249888;100037;0.4;0.475597067;;;;1.53;3.62;0.64;1375.59;141865.03
2;Barueri;2012;38.49;20155;0.079661513;253008;102385;0.4;0.484332511;;;;1.51;3.51;0.63;1483.71;161221.38
2;Barueri;2013;35.61;21541;0.084111675;256100;104709;0.41;0.492971496;;;;1.49;4.1;0.62;1864.57;176923.91
2;Barueri;2014;30.56;22969;0.088616679;259195;106966;0.41;0.501302108;;;;1.55;4.3;0.62;2060.14;181938.79
2;Barueri;2015;33.39;24442;0.093162067;262360;109119;0.42;0.509075316;;41.51;;1.41;3.74;0.61;2261.08;188743.69
2;Barueri;2016;38.91;26124;0.098426621;265416;111054;0.42;0.516841487;;;;1.32;3.04;0.6;2409.34;184361.92
2;Barueri;2017;24.12;27839;0.10373713;268361;112895;0.42;0.524420463;;;;1.31;3.65;0.6;2537.75;184656.2
2;Barueri;2018;6.83;29586;0.109050297;271306;114624;0.42;0.531540032;;67.98;;1.3;4.01;0.63;2587.35;
2;Barueri;2019;4.24;31350;0.11434011;274182;116222;0.42;0.538226434;;;;1.29;4.5;0.66;3036.59;
2;Barueri;2020;4.53;33127;0.11959983;276982;117693;0.42;0.544511918;;;;1.52;4.07;0.72;;
3;Biritiba-Mirim;2000;87.31;2070;0.08245041;25106;8117;0.32;0.405759579;0.603;;43.48;;;;100.89;
3;Biritiba-Mirim;2001;88.13;2162;0.084525764;25578;8419;0.33;0.413675815;;;;;;;117.8;
3;Biritiba-Mirim;2002;87.26;2253;0.086583913;26021;8720;0.34;0.421697859;;;;;;;127.52;7008.04
3;Biritiba-Mirim;2003;91.67;2345;0.088674608;26445;9024;0.34;0.429911136;;;;;;;145.52;7424.79
3;Biritiba-Mirim;2004;91.28;2443;0.090936162;26865;9329;0.35;0.438190955;;;;;;;179.08;7637.03
3;Biritiba-Mirim;2005;90.1;2549;0.093424718;27284;9637;0.35;0.446635391;;12.97;;0.51;1.25;2.2;197.92;7981.85
3;Biritiba-Mirim;2006;89.97;2681;0.096821957;27690;9855;0.36;0.452726616;;;;0.51;1.19;2.17;202.06;8457.04
3;Biritiba-Mirim;2007;89.37;2824;0.100555476;28084;10074;0.36;0.459265062;;;;0.5;1.35;2.49;243.91;9686.95
3;Biritiba-Mirim;2008;88.05;2977;0.104518485;28483;10292;0.36;0.465856827;;40.82;;0.49;1.3;2.46;254.93;9295.82
3;Biritiba-Mirim;2009;86.69;3141;0.108722741;28890;10510;0.36;0.472516442;;;;0.48;1.35;2.08;256.15;11210.35
3;Biritiba-Mirim;2010;85.07;3314;0.11313283;29293;10728;0.37;0.479363671;0.712;84.89;70.34;0.48;1.3;2.05;257.7;11207.35
3;Biritiba-Mirim;2011;88.67;3440;0.115957662;29666;11019;0.37;0.487392975;;;;0;1.45;2.36;355.54;12722.87
3;Biritiba-Mirim;2012;88.87;3572;0.118900206;30042;11310;0.38;0.495373144;;;;0;1.23;2.33;273;13483.63
3;Biritiba-Mirim;2013;87.83;3712;0.122041031;30416;11598;0.38;0.503353498;;;;0;1.32;1.97;406.81;18963.1
3;Biritiba-Mirim;2014;87.86;3858;0.125304492;30789;11875;0.39;0.510994186;;;;0;1.3;1.95;461.86;23751.67
3;Biritiba-Mirim;2015;88.6;4015;0.128805621;31171;12143;0.39;0.51836643;;61.03;;0;1.25;1.92;295.19;23685.2
3;Biritiba-Mirim;2016;89.71;4154;0.13170577;31540;12446;0.39;0.526315789;;;;0;1.24;2.22;528.8;24683.79
3;Biritiba-Mirim;2017;89.42;4297;0.134719087;31896;12739;0.4;0.53411086;;;;0;1.38;2.19;598.21;22587.18
3;Biritiba-Mirim;2018;89.51;4448;0.137918204;32251;13018;0.4;0.541564603;;50.4;;0;1.27;1.86;490.69;
3;Biritiba-Mirim;2019;90.75;4605;0.141266335;32598;13290;0.41;0.548960059;;;;0;0.83;1.23;539.47;
3;Biritiba-Mirim;2020;90.83;4761;0.144553073;32936;13537;0.41;0.555562303;;;;0;1;1.52;;
4;Caieiras;2000;75.11;4068;0.056087136;72530;26156;0.36;0.416710327;0.687;;71.56;;;;89.79;
4;Caieiras;2001;76.12;4294;0.057749983;74355;27145;0.37;0.422822944;;;;;;;81.19;
4;Caieiras;2002;74.69;4515;0.05935869;76063;28116;0.37;0.428999645;;;;;;;106.15;9025.66
4;Caieiras;2003;74.93;4733;0.060911419;77703;29079;0.37;0.435144074;;;;;;;116.36;10424.71
4;Caieiras;2004;69.96;4967;0.062615821;79325;30042;0.38;0.441336275;;;;;;;149.98;11629.78
4;Caieiras;2005;65.8;5216;0.064442001;80941;31012;0.38;0.447585278;;91.42;;0.36;0.46;0.99;145.72;12752.74
4;Caieiras;2006;62.84;5528;0.066997128;82511;32039;0.39;0.45529687;;;;0.35;0.38;1.09;155.77;13518.25
4;Caieiras;2007;58.1;5854;0.069663938;84032;33061;0.39;0.463097391;;;;0.27;0.84;0.95;185.1;14584.58
4;Caieiras;2008;57.2;6211;0.072581305;85573;34091;0.4;0.470966309;;44.92;;0.27;0.88;1.29;231.11;15932.2
4;Caieiras;2009;57.45;6596;0.075689942;87145;35127;0.4;0.478776751;;;;0.24;0.79;1.26;214.35;16348.16
4;Caieiras;2010;61.67;6991;0.078813569;88703;36165;0.41;0.48652244;0.781;99.83;86.5;0.24;0.97;1.24;235.69;23138.09
4;Caieiras;2011;62.66;7432;0.082445864;90144;37049;0.41;0.493443823;;;;0.23;1;1.33;259.06;23263.18
4;Caieiras;2012;60.1;7888;0.086115417;91598;37927;0.41;0.500174676;;;;0.23;1.05;1.31;333.68;27205.59
4;Caieiras;2013;60.54;8356;0.089810834;93040;38808;0.42;0.506921754;;;;0.23;1.11;1.29;377.48;29193.02
4;Caieiras;2014;59.71;8844;0.093605131;94482;39657;0.42;0.513335873;;;;0.17;1.06;1.16;396.15;43188.05
4;Caieiras;2015;61.55;9344;0.097375935;95958;40469;0.42;0.519112528;;96.7;;0.17;1.08;1.15;455.44;29315.97
4;Caieiras;2016;65.21;9906;0.101722066;97383;41322;0.42;0.526046641;;;;0.16;1.02;1.03;437.21;32172.9
4;Caieiras;2017;65.49;10481;0.10613026;98756;42134;0.43;0.532777755;;;;0.27;1;1.42;451.01;34135.87
4;Caieiras;2018;67.37;11067;0.11052742;100129;42909;0.43;0.539064607;;81.96;;0.27;1.17;1.3;654.92;
4;Caieiras;2019;68.35;11662;0.114930521;101470;43635;0.43;0.544959101;;;;0.27;1.04;1.28;725.06;
4;Caieiras;2020;68.98;12260;0.119289711;102775;44299;0.43;0.550318657;;;;0.36;1.26;1.26;;
5;Cajamar;2000;47.44;2707;0.052365845;51694;17375;0.34;0.388478353;0.634;;68.83;;;;172.8;
5;Cajamar;2001;51.14;2856;0.053606622;53277;18153;0.34;0.394335267;;;;;;;233.12;
5;Cajamar;2002;50.93;3001;0.054803777;54759;18916;0.35;0.400244709;;;;;;;264.94;33750.32
5;Cajamar;2003;48.47;3145;0.055978783;56182;19669;0.35;0.40607312;;;;;;;298.09;40177.41
5;Cajamar;2004;60.53;3298;0.057267881;57589;20422;0.35;0.411884214;;;;;;;300.86;37106.1
5;Cajamar;2005;62.78;3464;0.058720822;58991;21184;0.36;0.417826448;;0;;1.2;1.15;1.19;377.83;39866.26
5;Cajamar;2006;65.21;3631;0.060162709;60353;22003;0.36;0.424734479;;;;1.18;0.98;1.33;375.04;47988.41
5;Cajamar;2007;57.43;3808;0.061746011;61672;22814;0.37;0.431670774;;;;1.15;1.48;1.46;496.92;61220.47
5;Cajamar;2008;53.23;4004;0.063545469;63010;23638;0.38;0.438692271;;42.61;;1.13;1.52;1.43;460.08;68615.54
5;Cajamar;2009;51.71;4214;0.065462228;64373;24472;0.38;0.445621612;;;;1.1;1.55;1.4;485.12;68037.34
5;Cajamar;2010;47.31;4435;0.067478129;65725;25305;0.39;0.452491442;0.728;36.72;71.71;1.08;1.35;1.37;576.88;85339.71
5;Cajamar;2011;62.31;4685;0.069951474;66975;26073;0.39;0.459245987;;;;1.06;1.13;1.34;670.95;94924.01
5;Cajamar;2012;59.34;4948;0.07251198;68237;26839;0.39;0.46583232;;;;1.04;1.13;1.76;799.59;105773.47
5;Cajamar;2013;58.76;5217;0.075077711;69488;27598;0.4;0.472239811;;;;1.02;1.15;1.73;1076.57;117776.58
5;Cajamar;2014;56.5;5495;0.077679922;70739;28342;0.4;0.478335854;;;;1;1.1;1.7;1070.27;151417.66
5;Cajamar;2015;58.15;5788;0.080366565;72020;29059;0.4;0.483851708;;46.97;;0.99;1.21;1.67;1127.66;158957.65
5;Cajamar;2016;58.2;6119;0.083528994;73256;29763;0.41;0.489816534;;;;0.75;1.23;1.64;986.25;185163.42
5;Cajamar;2017;54.89;6464;0.08682687;74447;30431;0.41;0.495587465;;;;0.74;1.11;0.54;1018.66;203880.94
5;Cajamar;2018;56.6;6812;0.090060552;75638;31076;0.41;0.50091224;;46.87;;0.73;1;0.53;903.59;
5;Cajamar;2019;55.33;7165;0.093293056;76801;31679;0.41;0.505774664;;;;0.64;1.72;1.43;1247.68;
5;Cajamar;2020;56.22;7522;0.096517566;77934;32242;0.41;0.510226602;;;;0.32;1.69;1.41;;
6;Carapicuíba;2000;84.8;17495;0.049853531;350928;121602;0.35;0.396369056;0.644;;73.59;;;;28.69;
6;Carapicuíba;2001;84.09;18469;0.052160381;354081;124303;0.35;0.403218473;;;;;;;36.2;
6;Carapicuíba;2002;83.57;19441;0.054451854;357031;127055;0.36;0.410317311;;;;;;;55.89;3540.68
6;Carapicuíba;2003;81.44;20432;0.056776847;359865;129844;0.36;0.41758993;;;;;;;58.55;4029.06
6;Carapicuíba;2004;78.28;21472;0.059205828;362667;132674;0.37;0.425034536;;;;;;;60.05;4274.58
6;Carapicuíba;2005;76;22593;0.061820719;365460;135555;0.37;0.432736825;;0;;0.05;0.21;0;79.83;4597.98
6;Carapicuíba;2006;72.19;23890;0.064887974;368173;138243;0.38;0.440371782;;;;0.05;0.25;0;108.65;4986.26
6;Carapicuíba;2007;68.48;25269;0.068147433;370799;140977;0.38;0.44834533;;;;0.05;0.22;0;108.38;5579.63
6;Carapicuíba;2008;64.32;26773;0.071688686;373462;143737;0.38;0.456565862;;29.72;;0.05;0.32;0.32;124.95;6246.19
6;Carapicuíba;2009;63.55;28386;0.075458958;376178;146511;0.39;0.464931495;;;;0.05;0.59;0.35;142.07;7283.06
6;Carapicuíba;2010;62.23;30065;0.079354396;378870;149293;0.39;0.473402486;0.749;49.85;81.19;0.04;0.55;0.34;176.08;8122.21
6;Carapicuíba;2011;61.35;31872;0.083574794;381359;151813;0.4;0.481659014;;;;0.04;0.61;0.34;200.43;9191.65
6;Carapicuíba;2012;60.88;33736;0.087883461;383872;154334;0.4;0.489928935;;;;0.04;0.5;0.34;262.19;10064.45
6;Carapicuíba;2013;59.13;35668;0.092317329;386363;156816;0.41;0.498194703;;;;0.04;0.56;0.36;289.85;11656.4
6;Carapicuíba;2014;58.99;37671;0.096876728;388855;159185;0.41;0.506245259;;;;0.04;0.56;0.39;277.41;12590.29
6;Carapicuíba;2015;61.59;39743;0.101539326;391405;161388;0.41;0.513869266;;68.53;;0.09;0.54;0.38;319.04;13222.66
6;Carapicuíba;2016;64.19;41627;0.105687961;393867;163336;0.41;0.520386323;;;;0.09;0.5;0.41;271.26;13550.85
6;Carapicuíba;2017;64.83;43578;0.109979078;396239;165155;0.42;0.526785602;;;;0.09;0.49;0.4;262.74;14170.39
6;Carapicuíba;2018;65.79;45579;0.114344561;398611;166814;0.42;0.532832762;;66.32;;0.09;0.48;0.4;330.12;
6;Carapicuíba;2019;66.76;47617;0.118767257;400927;168302;0.42;0.538549412;;;;0.08;0.5;0.4;371.88;
6;Carapicuíba;2020;67.02;49682;0.123224442;403183;169620;0.42;0.543926703;;;;0.08;0.63;0.4;;
7;Cotia;2000;67.12;8728;0.057525507;151724;53673;0.35;0.411279692;0.693;;50.14;;;;65.85;
7;Cotia;2001;66.01;9332;0.059111553;157871;56534;0.36;0.417214055;;;;;;;102.82;
7;Cotia;2002;66.8;9923;0.060645138;163624;59306;0.36;0.423098079;;;;;;;136.27;13873.43
7;Cotia;2003;70.55;10509;0.062128656;169149;62025;0.37;0.428817197;;;;;;;146.89;15517.37
7;Cotia;2004;69.33;11116;0.063660781;174613;64744;0.37;0.434446462;;;;;;;154.81;18442.3
7;Cotia;2005;66.31;11758;0.065301543;180057;67480;0.37;0.440071755;;29.81;;0.78;1.04;0.28;173.27;20634.1
7;Cotia;2006;64.52;12600;0.067980965;185346;70641;0.38;0.449111392;;;;0.68;1.13;0.27;202.54;21281.28
7;Cotia;2007;62.13;13468;0.070710041;190468;73773;0.39;0.458034946;;;;0.53;1.44;0.26;234.88;23792.42
7;Cotia;2008;61.48;14404;0.0736175;195660;76936;0.39;0.466830216;;36.72;;0;0.67;1.12;279.42;28629.51
7;Cotia;2009;61.24;15415;0.076708716;200955;80125;0.4;0.475429823;;;;0;0.67;1.14;291.02;33658.73
7;Cotia;2010;60.98;16455;0.079799616;206204;83314;0.4;0.483836395;0.78;55.23;52.94;0;0.62;0.97;320.66;33871.44
7;Cotia;2011;59.45;17653;0.083641308;211056;86117;0.41;0.491670457;;;;0;0.64;1.04;375.86;38828.86
7;Cotia;2012;58.05;18883;0.087439108;215956;88933;0.41;0.499249847;;;;0;0.58;1.16;493.44;41133.42
7;Cotia;2013;57.74;20144;0.091226513;220813;91719;0.42;0.506596079;;;;0;0.5;1.18;492.99;44364.48
7;Cotia;2014;58.07;21448;0.095040169;225673;94436;0.42;0.513504052;;;;0;0.58;1.29;512.93;47896.5
7;Cotia;2015;59.75;22798;0.098844545;230645;97089;0.42;0.519790154;;44.76;;0;0.65;1.21;519.91;47354.48
7;Cotia;2016;64.5;24353;0.103434362;235444;99507;0.42;0.526069893;;;;0;0.69;1.19;489.41;47737.09
7;Cotia;2017;66.12;25934;0.108027275;240069;101805;0.42;0.532092857;;;;0;0.63;1.17;537.66;49521.7
7;Cotia;2018;66.56;27546;0.112573255;244694;104003;0.43;0.537606153;;60.58;;0;0.58;1.14;531.3;
7;Cotia;2019;66.22;29172;0.117057903;249210;106069;0.43;0.542678865;;;;0;0.55;1.16;615.5;
7;Cotia;2020;66.67;30799;0.12144333;253608;107990;0.43;0.547257973;;;;0.14;0.59;1.14;;
8;Diadema;2000;60.45;18432;0.051171855;360198;126872;0.35;0.403400352;0.528;;92.22;;;;201.54;
8;Diadema;2001;63.32;19300;0.052990824;364214;130328;0.36;0.410824405;;;;;;;180.91;
8;Diadema;2002;70.07;20175;0.054827541;367972;133807;0.36;0.418461187;;;;;;;177.85;11937.26
8;Diadema;2003;68.99;21065;0.056690197;371581;137306;0.37;0.426208552;;;;;;;239.8;13688.58
8;Diadema;2004;62.24;22002;0.058648384;375151;140851;0.38;0.434099869;;;;;;;270.2;15856.06
8;Diadema;2005;58.53;23015;0.060772416;378708;144447;0.38;0.44219293;;29.94;;0.46;0.8;0.5;301.01;18868.29
8;Diadema;2006;55.13;24243;0.063436282;382163;147367;0.39;0.449049228;;;;0.58;0.78;0.52;341.76;19611.24
8;Diadema;2007;52.26;25551;0.066278608;385509;150333;0.39;0.456238376;;;;0.58;1.02;0.52;370.27;22278.51
8;Diadema;2008;50.18;26985;0.069387839;388901;153334;0.39;0.463662989;;33.46;;0.64;1.12;0.54;483.38;24154.17
8;Diadema;2009;51.08;28529;0.072711286;392360;156352;0.4;0.471202467;;;;0.71;1.21;0.51;517.37;24562.49
8;Diadema;2010;50.23;30221;0.076356341;395789;159313;0.4;0.478876371;0.757;55.77;96.55;0.71;1.14;0.53;531.83;27731.29
8;Diadema;2011;50.5;32041;0.080311511;398959;162227;0.41;0.486937254;;;;0.71;1.04;0.53;607.61;30068.2
8;Diadema;2012;51.65;33920;0.084344539;402160;165147;0.41;0.49499453;;;;0.93;0.99;0.55;697.13;30767.76
8;Diadema;2013;50.83;35868;0.088490204;405333;168023;0.41;0.503020973;;;;0.9;0.98;0.54;771.07;33775.65
8;Diadema;2014;51.42;37890;0.092752162;408508;170794;0.42;0.510844341;;;;0.87;0.95;0.54;761.02;35643.83
8;Diadema;2015;53.99;39975;0.097084195;411756;173393;0.42;0.518190385;;60.33;;0.86;0.91;0.51;804.31;34523.84
8;Diadema;2016;56.7;42204;0.101723103;414891;175596;0.42;0.524957157;;;;0.83;0.98;0.51;885.46;33728.25
8;Diadema;2017;57.23;44504;0.106491319;417912;177668;0.43;0.531623883;;;;0.8;1.03;0.53;892.42;33572.88
8;Diadema;2018;56.57;46855;0.111311987;420934;179562;0.43;0.537891926;;81.39;;0.82;0.98;0.52;906.41;
8;Diadema;2019;57.26;49237;0.116156779;423884;181273;0.43;0.543804437;;;;0.81;1.02;0.52;952.2;
8;Diadema;2020;57.34;51642;0.121010317;426757;182802;0.43;0.549361815;;;;0.82;1.09;0.52;;
9;Embu das Artes;2000;78.94;8485;0.040122187;211479;70655;0.33;0.374221554;0.63;;57.82;;;;61.19;
9;Embu das Artes;2001;75.31;9111;0.042297265;215404;73073;0.34;0.381534233;;;;;;;87.75;
9;Embu das Artes;2002;74.86;9733;0.044427302;219077;75485;0.34;0.388986521;;;;;;;95.58;6098.97
9;Embu das Artes;2003;76.73;10363;0.046553312;222605;77887;0.35;0.396442128;;;;;;;100.72;7326.87
9;Embu das Artes;2004;78.61;11020;0.048740789;226094;80314;0.36;0.403964723;;;;;;;117.47;7245.44
9;Embu das Artes;2005;76.64;11721;0.0510561;229571;82772;0.36;0.411606867;;28.4;;0.3;0.55;0.61;124.83;8200.81
9;Embu das Artes;2006;75.44;12608;0.054123667;232948;85281;0.37;0.420218246;;;;0.3;0.58;0.6;145.68;8921.8
9;Embu das Artes;2007;74.11;13536;0.057303;236218;87810;0.37;0.429035891;;;;0.3;0.65;0.64;195.53;10911.94
9;Embu das Artes;2008;72.68;14529;0.060655272;239534;90373;0.38;0.437942004;;43.4;;0.31;0.75;0.67;218.05;11650.75
9;Embu das Artes;2009;71.9;15583;0.064150275;242914;92961;0.38;0.446841269;;;;0.31;0.7;0.58;226.14;16021.63
9;Embu das Artes;2010;71.84;16678;0.067723518;246266;95545;0.39;0.45569831;0.735;66.12;72.78;0.33;0.73;0.57;258.89;18227.22
9;Embu das Artes;2011;70.59;17849;0.071578095;249364;97784;0.39;0.463711683;;;;0.33;0.7;0.52;309.14;21299.23
9;Embu das Artes;2012;70.47;19052;0.075455557;252493;100041;0.4;0.471668522;;;;0.3;0.72;0.59;385.44;24123.64
9;Embu das Artes;2013;69.93;20295;0.079403272;255594;102266;0.4;0.479514386;;;;0.28;0.74;0.59;428.1;28661.16
9;Embu das Artes;2014;70.22;21574;0.08339486;258697;104422;0.4;0.487040824;;;;0.28;0.7;0.58;417.27;34460.05
9;Embu das Artes;2015;72.32;22899;0.087443484;261872;106477;0.41;0.494042891;;82.44;;0.29;0.58;0.61;393.57;36826.92
9;Embu das Artes;2016;74.82;24280;0.091644429;264937;108318;0.41;0.500488795;;;;0.34;0.6;0.6;434.28;36875.32
9;Embu das Artes;2017;75.79;25695;0.095916592;267889;110074;0.41;0.506810657;;;;0.33;0.83;0.67;507.13;44734.3
9;Embu das Artes;2018;76.74;27138;0.10019827;270843;111718;0.41;0.512680778;;90.8;;0.33;0.85;0.66;637.44;
9;Embu das Artes;2019;77.41;28597;0.104473086;273726;113242;0.41;0.518178763;;;;0.33;0.9;0.66;595.89;
9;Embu das Artes;2020;77.55;30068;0.108731264;276535;114634;0.41;0.523268302;;;;0.32;0.83;0.65;;
10;Embu-Guaçu;2000;87.93;3994;0.068907215;57962;19373;0.33;0.403143439;0.65;;14.13;;;;91.6;
10;Embu-Guaçu;2001;85.8;4162;0.070924645;58682;19907;0.34;0.410159845;;;;;;;100.07;
10;Embu-Guaçu;2002;86.62;4328;0.072915965;59356;20445;0.34;0.41736303;;;;;;;109.6;4922.29
10;Embu-Guaçu;2003;85.82;4497;0.074945004;60004;20990;0.35;0.424755016;;;;;;;134.35;5400.11
10;Embu-Guaçu;2004;83.94;4674;0.077072752;60644;21536;0.36;0.432194446;;;;;;;125.03;5743.66
10;Embu-Guaçu;2005;81.59;4866;0.079403414;61282;22087;0.36;0.439819197;;0;;0.24;0.49;0.16;131.24;6704.66
10;Embu-Guaçu;2006;80.42;5081;0.082081354;61902;22570;0.36;0.446689929;;;;0.24;0.61;0.16;159.69;7419.16
10;Embu-Guaçu;2007;83.87;5312;0.08498928;62502;23050;0.37;0.453777479;;;;0.24;0.85;0.16;243.34;7830.58
10;Embu-Guaçu;2008;84.41;5565;0.088177972;63111;23541;0.37;0.461187432;;50.47;;0.24;0.57;1.11;251.6;7883.73
10;Embu-Guaçu;2009;84.34;5842;0.091666536;63731;24024;0.38;0.468625943;;;;0.33;0.71;1.1;273.37;8535.4
10;Embu-Guaçu;2010;86.11;6135;0.095343922;64346;24507;0.38;0.476206757;0.749;54.48;41.79;0.33;0.7;1.09;341.53;10060.53
10;Embu-Guaçu;2011;84.88;6406;0.098682893;64915;25007;0.39;0.483909728;;;;0.32;0.6;1.08;369.9;11208.29
10;Embu-Guaçu;2012;84.5;6691;0.10216983;65489;25504;0.39;0.491609278;;;;0.24;0.64;1.07;416.78;11969.86
10;Embu-Guaçu;2013;83.22;6986;0.105755548;66058;25996;0.39;0.499288504;;;;0.24;0.42;1.06;452.98;13566.5
10;Embu-Guaçu;2014;83.79;7299;0.109550182;66627;26464;0.4;0.506746514;;;;0.24;0.68;1.35;462.13;14595.69
10;Embu-Guaçu;2015;85.1;7624;0.113435501;67210;26910;0.4;0.513822348;;72.72;;0.24;0.61;1.93;472.7;15663.27
10;Embu-Guaçu;2016;86.3;7997;0.117998583;67772;27332;0.4;0.521291979;;;;0.24;0.68;1.92;474.04;15310.4
10;Embu-Guaçu;2017;86.64;8380;0.122668853;68314;27733;0.41;0.528632491;;;;0.23;0.63;1.9;517.44;15698.67
10;Embu-Guaçu;2018;86.7;8775;0.127439875;68856;28103;0.41;0.535581503;;74.78;;0.23;0.45;1.89;535.71;
10;Embu-Guaçu;2019;87.53;9175;0.132233192;69385;28445;0.41;0.542192116;;;;0.25;0.45;2.02;607.56;
10;Embu-Guaçu;2020;87.53;9582;0.137079584;69901;28757;0.41;0.548475701;;;;0.24;0.63;1.86;;
11;Ferraz de Vasconcelos;2000;89.58;6919;0.047719545;144993;48835;0.34;0.384528908;0.637;;74.3;;;;34.5;
11;Ferraz de Vasconcelos;2001;89.15;7304;0.049317695;148101;50637;0.34;0.391226258;;;;;;;37.56;
11;Ferraz de Vasconcelos;2002;88.86;7689;0.050917495;151009;52420;0.35;0.398049123;;;;;;;54.07;3630.75
11;Ferraz de Vasconcelos;2003;89.89;8073;0.052489565;153802;54192;0.35;0.404838689;;;;;;;75.44;4017.28
11;Ferraz de Vasconcelos;2004;88.37;8481;0.054169541;156564;55969;0.36;0.411652743;;;;;;;96;4561.18
11;Ferraz de Vasconcelos;2005;87.02;8915;0.055957619;159317;57770;0.36;0.418568012;;99.79;;0;0.29;0.06;69.31;5182.45
11;Ferraz de Vasconcelos;2006;84.16;9443;0.058293362;161991;59389;0.37;0.424912495;;;;0;0.38;0.06;88.47;6475.42
11;Ferraz de Vasconcelos;2007;82.47;9994;0.060724268;164580;61017;0.37;0.431467979;;;;0;0.29;0.18;104.63;7375.68
11;Ferraz de Vasconcelos;2008;81.04;10599;0.063389253;167205;62658;0.37;0.43812685;;98.51;;0;0.3;0.54;124.93;8298.06
11;Ferraz de Vasconcelos;2009;82.24;11248;0.066211054;169881;64319;0.38;0.444823141;;;;0;0.29;0.53;126.37;10522.47
11;Ferraz de Vasconcelos;2010;81.8;11922;0.069099023;172535;65976;0.38;0.451491002;0.738;93.1;85.92;0;0.27;0.58;161.76;12692.55
11;Ferraz de Vasconcelos;2011;80.77;12704;0.072599264;174988;67550;0.39;0.458625734;;;;0;0.36;0.74;164.84;13800.62
11;Ferraz de Vasconcelos;2012;79.92;13509;0.076122052;177465;69130;0.39;0.465663652;;;;0;0.39;0.79;176.71;14301.16
11;Ferraz de Vasconcelos;2013;78.41;14342;0.079712763;179921;70691;0.39;0.47261298;;;;0;0.33;0.78;227.52;14649.32
11;Ferraz de Vasconcelos;2014;78.05;15202;0.083354809;182377;72203;0.4;0.479254511;;;;0;0.36;0.77;234.45;15452.07
11;Ferraz de Vasconcelos;2015;79.35;16090;0.087024247;184891;73652;0.4;0.485377871;;71.51;;0;0.39;0.7;267.16;15393.89
11;Ferraz de Vasconcelos;2016;81.01;17069;0.091123603;187317;75162;0.4;0.492379229;;;;0;0.41;0.69;318.36;15301.24
11;Ferraz de Vasconcelos;2017;81.39;18072;0.095288814;189655;76606;0.4;0.499211727;;;;0;0.35;0.69;270.05;16110.55
11;Ferraz de Vasconcelos;2018;81.66;19093;0.099446334;191993;77976;0.41;0.505586141;;62.3;;0;0.3;0.68;280;
11;Ferraz de Vasconcelos;2019;81.97;20127;0.103600033;194276;79252;0.41;0.511535136;;;;0;0.26;0.67;293.68;
11;Ferraz de Vasconcelos;2020;81.97;21167;0.107720102;196500;80440;0.41;0.517083969;;;;0;0.38;0.66;;
12;Francisco Morato;2000;93.13;5412;0.039737142;136195;43635;0.32;0.360123353;0.571;;26.86;;;;76.15;
12;Francisco Morato;2001;93.84;5748;0.041443455;138695;44994;0.32;0.365853131;;;;;;;96.59;
12;Francisco Morato;2002;93.62;6075;0.043074414;141035;46351;0.33;0.371723331;;;;;;;102.58;2372.93
12;Francisco Morato;2003;93.09;6406;0.044709035;143282;47699;0.33;0.377611982;;;;;;;103.36;2606.15
12;Francisco Morato;2004;91.14;6754;0.046417968;145504;49061;0.34;0.383597702;;;;;;;121.42;2791.74
12;Francisco Morato;2005;88.97;7129;0.048260549;147719;50435;0.34;0.389685822;;0;;0;0.3;0.88;122.95;3305.23
12;Francisco Morato;2006;85.64;7624;0.050870755;149870;51856;0.35;0.396877294;;;;0;0.25;0.87;139.56;3704.19
12;Francisco Morato;2007;83.03;8146;0.053608682;151953;53285;0.35;0.404276322;;;;0;0.28;0.86;178.38;4039.21
12;Francisco Morato;2008;82.22;8707;0.056515107;154065;54731;0.36;0.41176127;;51.19;;0;0.27;0.84;190.88;4652.12
12;Francisco Morato;2009;80.17;9302;0.059544995;156218;56190;0.36;0.419234659;;;;0;0.15;0.77;198.38;5265.58
12;Francisco Morato;2010;78.87;9922;0.06265748;158353;57645;0.36;0.426685948;0.703;73.56;50.01;0;0.2;0.76;204.25;5727.13
12;Francisco Morato;2011;77.36;10684;0.066638807;160327;58996;0.37;0.434611762;;;;0;0.21;0.75;249;6465.43
12;Francisco Morato;2012;75.26;11467;0.070644841;162319;60343;0.37;0.442400458;;;;0;0.2;0.74;262.17;6839.14
12;Francisco Morato;2013;73.97;12271;0.074688822;164295;61671;0.38;0.450056301;;;;0;0.26;0.73;300.79;7739.99
12;Francisco Morato;2014;72.78;13099;0.078781026;166271;62956;0.38;0.457415905;;;;0;0.25;0.72;307.66;7681.02
12;Francisco Morato;2015;74.46;13950;0.082891148;168293;64172;0.38;0.464202314;;60.68;;0;0.21;0.71;312.55;8165.16
12;Francisco Morato;2016;76.22;14868;0.087332961;170245;65455;0.38;0.471808276;;;;0;0.22;0.7;305.51;8250.8
12;Francisco Morato;2017;77.6;15802;0.091804841;172126;66676;0.39;0.479172234;;;;0;0.22;0.7;294.62;8711.8
12;Francisco Morato;2018;79.02;16755;0.096288676;174008;67827;0.39;0.4860811;;67.91;;0;0.24;0.69;328.68;
12;Francisco Morato;2019;80.12;17716;0.100748391;175844;68899;0.39;0.492567276;;;;0;0.17;0.68;350.59;
12;Francisco Morato;2020;80.38;18681;0.10516627;177633;69885;0.39;0.498589789;;;;0;0.26;0.73;;
13;Franco da Rocha;2000;88.84;6394;0.058069731;110109;37440;0.34;0.398096432;0.628;;63.76;;;;56.7;
13;Franco da Rocha;2001;88.24;6657;0.058960029;112907;38861;0.34;0.403145952;;;;;;;70.31;
13;Franco da Rocha;2002;89.36;6911;0.059822031;115526;40259;0.35;0.408306355;;;;;;;83.79;5890.34
13;Franco da Rocha;2003;89.5;7163;0.060681791;118042;41646;0.35;0.413488419;;;;;;;99.08;6812.76
13;Franco da Rocha;2004;87.02;7432;0.061661509;120529;43040;0.36;0.418753993;;;;;;;112.42;7413.12
13;Franco da Rocha;2005;84.02;7726;0.062808923;123008;44449;0.36;0.424159404;;0.14;;0.07;0.11;0.81;106.22;7153.75
13;Franco da Rocha;2006;79.44;8156;0.065031575;125416;45942;0.37;0.431348472;;;;0.07;0.14;1.44;146.55;7666.21
13;Franco da Rocha;2007;76.31;8608;0.067383187;127747;47435;0.37;0.438703062;;;;0.07;0.3;1.57;151.65;8677.54
13;Franco da Rocha;2008;74.83;9104;0.069971025;130111;48941;0.38;0.446119083;;36.34;;0.07;0.22;1.46;193.85;9733.34
13;Franco da Rocha;2009;73.25;9639;0.072735642;132521;50471;0.38;0.453588488;;;;0.07;0.27;0.91;242.39;10940.69
13;Franco da Rocha;2010;73.07;10198;0.075590575;134911;51996;0.39;0.461000215;0.731;66.36;69.17;0.07;0.2;0.89;262.69;12283.17
13;Franco da Rocha;2011;72.4;10777;0.078595391;137120;53547;0.39;0.469107351;;;;0.16;0.36;0.88;278.79;13417.03
13;Franco da Rocha;2012;71.66;11379;0.08165711;139351;55112;0.4;0.477147634;;;;0.16;0.14;0.86;302.68;14355.56
13;Franco da Rocha;2013;70.88;12000;0.084768511;141562;56657;0.4;0.484995973;;;;0.16;0.18;0.92;331.18;16880.39
13;Franco da Rocha;2014;71.14;12645;0.087950533;143774;58164;0.4;0.492502121;;;;0.15;0.32;0.9;349.88;18160.32
13;Franco da Rocha;2015;72.92;13316;0.091181747;146038;59623;0.41;0.499452197;;65.54;;0;0.48;0.89;382.43;17313.98
13;Franco da Rocha;2016;75.25;13953;0.094135823;148222;61075;0.41;0.506186666;;;;0;0.44;0.94;476.68;19807.28
13;Franco da Rocha;2017;76.36;14608;0.097174179;150328;62467;0.42;0.512712203;;;;0;0.41;1;430.32;20733.69
13;Franco da Rocha;2018;77.54;15277;0.100221081;152433;63800;0.42;0.518765622;;66.47;;0;0.36;1.31;524.45;
13;Franco da Rocha;2019;77.95;15957;0.103288907;154489;65050;0.42;0.524354485;;;;0;0.34;1.36;552.74;
13;Franco da Rocha;2020;78.08;16643;0.106350484;156492;66214;0.42;0.529464765;;;;0;0.45;1.41;;
14;Guararema;2000;91.84;1954;0.087599749;22306;7704;0.35;0.432977674;0.658;;47.96;;;;95.3;
14;Guararema;2001;91.5;2035;0.089340592;22778;7975;0.35;0.439459127;;;;;;;121.69;
14;Guararema;2002;90.28;2115;0.091081349;23221;8253;0.36;0.446492399;;;;;;;127.8;17897.71
14;Guararema;2003;89.36;2198;0.092958342;23645;8519;0.36;0.453245929;;;;;;;139.18;22050.42
14;Guararema;2004;88.19;2285;0.094951174;24065;8792;0.37;0.460295034;;;;;;;192.26;25522.21
14;Guararema;2005;85.2;2377;0.09708381;24484;9068;0.37;0.467448129;;0;;0;0.12;0;216.88;32883.46
14;Guararema;2006;82.76;2488;0.099959823;24890;9311;0.37;0.474045802;;;;0;0.36;0;250.82;34759.55
14;Guararema;2007;82.14;2608;0.103148236;25284;9554;0.38;0.481015662;;;;0;0.28;0;389.11;39451.74
14;Guararema;2008;80.17;2738;0.106607484;25683;9796;0.38;0.4880271;;28.86;;0;0.16;0.39;422.03;43655.26
14;Guararema;2009;77.6;2883;0.110502108;26090;10036;0.38;0.495170563;;;;0;0.19;1.15;410.66;48384.32
14;Guararema;2010;76.39;3033;0.114483071;26493;10278;0.39;0.502434605;0.731;33.23;51.1;0;0.45;1.51;524.18;43064.36
14;Guararema;2011;77;3177;0.118253555;26866;10554;0.39;0.511092087;;;;0;0.48;1.12;694.31;47692.75
14;Guararema;2012;78.21;3328;0.122164305;27242;10830;0.4;0.519712209;;;;0;0.66;1.1;713.2;45077.11
14;Guararema;2013;78.67;3486;0.12623117;27616;11102;0.4;0.528244496;;;;0;0.8;1.09;833.48;55382.42
14;Guararema;2014;78.42;3651;0.130444103;27989;11363;0.41;0.536425024;;;;0;1.07;1.07;858.13;57106.79
14;Guararema;2015;79.41;3821;0.134679779;28371;11617;0.41;0.544147193;;41.65;;0;1.27;1.06;907.03;49296.31
14;Guararema;2016;81.64;3985;0.138656924;28740;11871;0.41;0.551704941;;;;0;1.25;0.7;1077.98;33996.84
14;Guararema;2017;82.33;4154;0.142768765;29096;12115;0.42;0.559149024;;;;0;1.24;0.69;623.69;33920.21
14;Guararema;2018;81.36;4327;0.146922006;29451;12357;0.42;0.566500289;;52.39;;0;1.09;1.02;1151.11;
14;Guararema;2019;81.17;4506;0.151218203;29798;12574;0.42;0.573192832;;;;0;0.97;1.01;1339.16;
14;Guararema;2020;81.3;4687;0.155528272;30136;12773;0.42;0.579373507;;;;0;1.03;1;;
14;Guarulhos;2000;72.8;62040;0.05679098;1092427;386463;0.35;0.410556495;0.678;;77.09;;;;86.86;
14;Guarulhos;2001;69.52;65239;0.058746935;1110509;398040;0.36;0.417177168;;;;;;;91.36;
14;Guarulhos;2002;68.44;68396;0.060665353;1127431;409589;0.36;0.423959426;;;;;;;107.77;11402.79
14;Guarulhos;2003;69.14;71579;0.062586453;1143682;421125;0.37;0.430805066;;;;;;;127.03;12868.8
14;Guarulhos;2004;64.19;74917;0.064597208;1159756;432752;0.37;0.437737766;;;;;;;166.37;14805.88
14;Guarulhos;2005;64.95;78499;0.066763908;1175770;444508;0.38;0.444820841;;0;;0.14;0.47;0.54;177.92;16611.94
14;Guarulhos;2006;62.39;82444;0.069203444;1191328;455325;0.38;0.451402972;;;;0.14;0.47;0.55;224.01;19682.88
14;Guarulhos;2007;58.59;86634;0.071812419;1206393;466162;0.39;0.458222155;;;;0.09;0.62;0.57;245.08;21581.32
14;Guarulhos;2008;56.62;91256;0.074697933;1221667;477160;0.39;0.465279;;20.9;;0.13;0.59;0.57;288.55;24492.26
14;Guarulhos;2009;55.83;96313;0.077845042;1237240;488194;0.39;0.472428147;;;;0.13;0.65;0.57;317.43;24838.46
14;Guarulhos;2010;52.68;101549;0.081065331;1252681;499179;0.4;0.479553853;0.763;31.9;86.9;0.17;0.78;0.57;398.81;29223.3
14;Guarulhos;2011;53.01;107309;0.084698352;1266955;509037;0.4;0.48647821;;;;0.17;0.83;0.58;495.78;31673.96
14;Guarulhos;2012;54.46;113249;0.088381393;1281367;518893;0.4;0.493334072;;;;0.19;0.8;0.56;516.55;34014.49
14;Guarulhos;2013;54.26;119403;0.092156548;1295654;528622;0.41;0.500152819;;;;0.19;0.74;0.56;627.17;37948
14;Guarulhos;2014;55.67;125786;0.096023659;1309948;537999;0.41;0.506726221;;;;0.17;0.77;0.57;645.44;41235.8
14;Guarulhos;2015;57.43;132403;0.09995893;1324574;546857;0.41;0.512813931;;46.95;;0.17;0.76;0.59;663.74;41300.12
14;Guarulhos;2016;59.76;139570;0.104258563;1338691;555017;0.41;0.518855359;;;;0.19;0.77;0.59;640.42;40820.45
14;Guarulhos;2017;60.15;146909;0.108636879;1352294;562671;0.42;0.524723174;;;;0.19;0.91;0.6;767.21;42449.72
14;Guarulhos;2018;60.01;154386;0.113028855;1365899;569841;0.42;0.530220024;;78.18;;0.18;0.86;0.59;773.42;
14;Guarulhos;2019;60.28;162000;0.11746093;1379182;576328;0.42;0.535337613;;;;0.18;0.68;0.58;766.89;
14;Guarulhos;2020;60.51;169652;0.121865844;1392121;582257;0.42;0.540117562;;;;0.25;0.8;0.59;;
15;Hortolândia;2000;82.29;8256;0.053153066;155325;54074;0.35;0.401287623;1.272;;1.9;;;;90.21;
15;Hortolândia;2001;83.73;8795;0.054938877;160087;56504;0.35;0.407896956;;;;;;;102.2;
15;Hortolândia;2002;84.15;9324;0.056665694;164544;58873;0.36;0.41446057;;;;;;;110.53;10601.57
15;Hortolândia;2003;85.28;9850;0.05834444;168825;61206;0.36;0.420885532;;;;;;;126.58;12881.95
15;Hortolândia;2004;80.02;10398;0.060083903;173058;63550;0.37;0.427301829;;;;;;;180.32;16961.7
15;Hortolândia;2005;78.36;10979;0.061931677;177276;65908;0.37;0.433713531;;6.89;;0.38;0.69;1.02;244.88;19596.67
15;Hortolândia;2006;78.56;11650;0.064231919;181374;68453;0.38;0.44164544;;;;0.37;0.68;1.05;246.11;21114.12
15;Hortolândia;2007;76.17;12349;0.066628179;185342;70982;0.38;0.449606673;;;;0.37;0.51;1.03;299.79;26684.91
15;Hortolândia;2008;73.57;13109;0.069226463;189364;73541;0.39;0.457584335;;41.69;;0.36;0.55;1;341.48;32710.41
15;Hortolândia;2009;72.76;13934;0.072022991;193466;76124;0.39;0.465497814;;;;0.35;0.68;1.03;378.6;34233.02
15;Hortolândia;2010;68.46;14788;0.074863441;197533;78704;0.4;0.473298132;1.512;47.33;36.9;0.34;0.6;1.16;491.48;45567.71
15;Hortolândia;2011;66.96;15863;0.078805914;201292;81045;0.4;0.481429962;;;;0.32;0.69;1.09;503.32;46460.38
15;Hortolândia;2012;64.13;16971;0.082749844;205088;83397;0.41;0.48938992;;;;0.32;0.77;1.07;554.76;41330.49
15;Hortolândia;2013;62.82;18111;0.086717325;208851;85725;0.41;0.497177414;;;;0.3;0.83;1.05;598.26;44269.44
15;Hortolândia;2014;60.85;19287;0.090712834;212616;87991;0.41;0.504562215;;;;0.29;1.09;1.03;745.39;49641.99
15;Hortolândia;2015;65.6;20503;0.094716078;216468;90200;0.42;0.511405843;;63.27;;0.29;1.21;0.97;760.53;52012.3
15;Hortolândia;2016;67.42;21938;0.099633493;220187;92542;0.42;0.519921703;;;;0.28;1.29;0.91;790.31;52237.46
15;Hortolândia;2017;68;23402;0.104581064;223769;94789;0.42;0.528183082;;;;0.28;0.99;0.94;830.21;59052.63
15;Hortolândia;2018;68.08;24892;0.109486129;227353;96945;0.43;0.535893522;;68.57;;0.27;0.86;0.92;836.58;
15;Hortolândia;2019;68.45;26398;0.114350815;230851;98980;0.43;0.543112224;;;;0.34;0.71;0.91;879.07;
15;Hortolândia;2020;68.85;27908;0.119133096;234259;100886;0.43;0.549793178;;;;0.33;0.72;0.9;;
16;Itapecerica da Serra;2000;84.08;6132;0.046430627;132068;43860;0.33;0.378532271;0.64;;24.88;;;;111.21;
16;Itapecerica da Serra;2001;82.08;6489;0.048131198;134819;45491;0.34;0.385553965;;;;;;;115.49;
16;Itapecerica da Serra;2002;84.01;6846;0.049827866;137393;47111;0.34;0.392720153;;;;;;;135.02;5892.45
16;Itapecerica da Serra;2003;86.35;7204;0.051506442;139866;48722;0.35;0.399854146;;;;;;;141.88;7690.16
16;Itapecerica da Serra;2004;85.09;7579;0.0532566;142311;50341;0.35;0.406995945;;;;;;;136.35;8612.59
16;Itapecerica da Serra;2005;80.43;7981;0.055137585;144747;51985;0.36;0.41428147;;17.64;;0.32;0.44;0.62;171.77;9151.44
16;Itapecerica da Serra;2006;76.81;8494;0.057737537;147114;53608;0.36;0.422135215;;;;0.31;0.33;0.82;184.33;9615.45
16;Itapecerica da Serra;2007;76.44;9029;0.060432647;149406;55241;0.37;0.43017014;;;;0.21;0.46;0.8;218.21;10162.58
16;Itapecerica da Serra;2008;77.49;9612;0.063349371;151730;56890;0.37;0.438291702;;92.83;;0.21;0.46;0.79;224.43;12601.62
16;Itapecerica da Serra;2009;77.13;10235;0.066418341;154099;58553;0.38;0.446388361;;;;0.21;0.47;0.78;217.11;13874.84
16;Itapecerica da Serra;2010;76.44;10882;0.069556658;156448;60219;0.38;0.454470495;0.742;86.24;35.81;0.2;0.48;0.77;254.65;15528.24
16;Itapecerica da Serra;2011;75.07;11617;0.073238389;158619;61773;0.39;0.462681016;;;;0.2;0.38;0.76;307.99;16860.81
16;Itapecerica da Serra;2012;74.12;12373;0.076940776;160812;63336;0.39;0.470791981;;;;0.2;0.38;0.75;381.27;16903.44
16;Itapecerica da Serra;2013;73;13153;0.080700183;162986;64885;0.4;0.47880186;;;;0.21;0.48;0.74;420.49;17583.69
16;Itapecerica da Serra;2014;72.81;13959;0.084518043;165160;66388;0.4;0.486479777;;;;0.19;0.45;0.73;458.19;20249.28
16;Itapecerica da Serra;2015;74.11;14789;0.088353198;167385;67833;0.41;0.493604564;;61.91;;0.19;0.44;0.72;495.5;23594.03
16;Itapecerica da Serra;2016;75.12;15685;0.092518861;169533;69236;0.41;0.500911327;;;;0.19;0.41;0.71;513.35;19296.37
16;Itapecerica da Serra;2017;76.13;16601;0.096740733;171603;70581;0.41;0.508044731;;;;0.19;0.39;0.76;465.36;19943.86
16;Itapecerica da Serra;2018;77.33;17535;0.100966189;173672;71853;0.41;0.514694366;;56.76;;0.18;0.27;0.75;535.64;
16;Itapecerica da Serra;2019;78.29;18481;0.105189165;175693;73043;0.42;0.520931397;;;;0.18;0.28;0.74;530.85;
16;Itapecerica da Serra;2020;78.55;19434;0.109387489;177662;74149;0.42;0.526747419;;;;0.18;0.3;0.73;;
17;Itapevi;2000;84.92;7116;0.043018293;165418;53356;0.32;0.365570857;0.61;;51.53;;;;83.51;
17;Itapevi;2001;85.9;7557;0.044459218;169976;55632;0.33;0.371752483;;;;;;;83.73;
17;Itapevi;2002;87.91;7993;0.045873245;174241;57870;0.33;0.377999438;;;;;;;99.45;6264.26
17;Itapevi;2003;87.64;8432;0.047281006;178338;60082;0.34;0.384180601;;;;;;;110.22;7649.25
17;Itapevi;2004;86.42;8889;0.048736492;182389;62308;0.34;0.390357971;;;;;;;129.12;8891.94
17;Itapevi;2005;84.22;9382;0.050325598;186426;64556;0.35;0.396607769;;0.02;;0;0.23;0;131.15;9940.98
17;Itapevi;2006;81.8;10017;0.052624666;190348;66885;0.35;0.404007397;;;;0;0.29;0;146.09;10867.59
17;Itapevi;2007;79.21;10678;0.055000129;194145;69218;0.36;0.411527467;;;;0;0.25;0;204.88;10847.25
17;Itapevi;2008;74.77;11393;0.057541857;197995;71580;0.36;0.419066138;;25.76;;0;0.28;0.61;239.63;14501.28
17;Itapevi;2009;74.53;12161;0.060226524;201921;73970;0.37;0.426557911;;;;0;0.27;0.59;282.03;18505.13
17;Itapevi;2010;72.21;12953;0.062935772;205813;76355;0.37;0.433927886;0.735;30.07;74.44;0;0.34;0.58;330.89;26046.74
17;Itapevi;2011;70.68;13790;0.065851364;209411;78593;0.38;0.441156386;;;;0;0.32;0.57;416.94;29005.23
17;Itapevi;2012;70.89;14651;0.068769832;213044;80839;0.38;0.44821727;;;;0;0.37;0.56;486.78;34144.05
17;Itapevi;2013;70.43;15541;0.071734866;216645;83061;0.38;0.455131667;;;;0;0.42;0.6;506.57;37165.73
17;Itapevi;2014;70.33;16463;0.074747557;220248;85225;0.39;0.461697723;;;;0;0.51;0.64;620.26;45527.83
17;Itapevi;2015;71.92;17413;0.077759171;223935;87315;0.39;0.467671423;;40.3;;0;0.46;0.63;586.85;49964.05
17;Itapevi;2016;74.07;18512;0.081373932;227493;89318;0.39;0.473992606;;;;0;0.44;0.62;603.43;50662.91
17;Itapevi;2017;74.7;19634;0.085024381;230922;91227;0.4;0.480079854;;;;0;0.52;0.65;606.77;51268.76
17;Itapevi;2018;75.36;20781;0.088674302;234352;93045;0.4;0.485705264;;54.36;;0;0.49;0.64;702.23;
17;Itapevi;2019;76.11;21935;0.092280185;237700;94747;0.4;0.49087926;;;;0;0.5;0.63;784.23;
17;Itapevi;2020;76.39;23096;0.095849536;240961;96331;0.4;0.495627923;;;;0;0.5;0.62;;
18;Itaquaquecetuba;2000;88.5;10962;0.039437755;277957;90377;0.33;0.36458517;0.592;;67.38;;;;43.55;
18;Itaquaquecetuba;2001;86.52;11642;0.041019967;283813;93658;0.33;0.371018946;;;;;;;50.58;
18;Itaquaquecetuba;2002;86.87;12316;0.042572755;289293;96906;0.33;0.377548022;;;;;;;63.31;3959.08
18;Itaquaquecetuba;2003;86.83;12998;0.044127582;294555;100136;0.34;0.384084466;;;;;;;73.46;4464.03
18;Itaquaquecetuba;2004;85.68;13709;0.045733101;299761;103381;0.34;0.390611187;;;;;;;72.49;4930.69
18;Itaquaquecetuba;2005;84.85;14470;0.047450869;304947;106671;0.35;0.397252637;;0.06;;0.1;0.45;0.39;70.82;5399.8
18;Itaquaquecetuba;2006;82.38;15448;0.049834669;309985;109861;0.35;0.404242141;;;;0.1;0.38;0.39;92.74;6250.55
18;Itaquaquecetuba;2007;79.91;16476;0.052327354;314864;113068;0.36;0.411428426;;;;0.1;0.27;0.38;108.83;7245.68
18;Itaquaquecetuba;2008;77.48;17584;0.054982646;319810;116315;0.36;0.418682968;;99.9;;0.09;0.25;0.47;129.99;7863.74
18;Itaquaquecetuba;2009;81;18770;0.057779803;324854;119592;0.37;0.425920567;;;;0.09;0.16;0.46;127.16;8641.79
18;Itaquaquecetuba;2010;80.34;20001;0.060635918;329854;122862;0.37;0.4331098;0.714;34.68;71.33;0;0.28;0.49;137.01;10028.33
18;Itaquaquecetuba;2011;78.92;21468;0.064183977;334476;125797;0.38;0.440285701;;;;0;0.29;0.48;194.58;11311.91
18;Itaquaquecetuba;2012;77.99;22978;0.067752931;339144;128737;0.38;0.44734685;;;;0;0.32;0.53;210.99;12304.08
18;Itaquaquecetuba;2013;76.77;24527;0.071346914;343771;131641;0.38;0.454279157;;;;0;0.25;0.49;223.67;14529.77
18;Itaquaquecetuba;2014;76.52;26125;0.074985649;348400;134457;0.39;0.460912744;;;;0;0.25;0.52;284.58;17291.14
18;Itaquaquecetuba;2015;77.82;27773;0.078646754;353136;137141;0.39;0.46699855;;46.99;;0;0.35;0.54;261.56;18536.74
18;Itaquaquecetuba;2016;79;29744;0.083151621;357708;139866;0.39;0.474157693;;;;0;0.36;0.53;360.34;18598.66
18;Itaquaquecetuba;2017;79.47;31756;0.087696382;362113;142467;0.39;0.481128819;;;;0;0.36;0.52;306;19500.03
18;Itaquaquecetuba;2018;78.77;33799;0.092216229;366519;144920;0.4;0.487611829;;58.44;;0;0.34;0.55;319.4;
18;Itaquaquecetuba;2019;79.2;35864;0.096715127;370821;147207;0.4;0.493691026;;;;0;0.34;0.54;379.02;
18;Itaquaquecetuba;2020;79.22;37934;0.101154366;375011;149321;0.4;0.49933202;;;;0.05;0.3;0.51;;
19;Jandira;2000;84.57;3753;0.040141613;93494;31775;0.34;0.380002995;0.667;;77.14;;;;53.13;
19;Jandira;2001;82.42;3991;0.041800643;95477;32970;0.35;0.387119411;;;;;;;58.84;
19;Jandira;2002;82.22;4223;0.043387581;97332;34153;0.35;0.394279374;;;;;;;142.6;8464.48
19;Jandira;2003;81.06;4459;0.044988599;99114;35329;0.36;0.401436729;;;;;;;163.47;9975.12
19;Jandira;2004;78.11;4704;0.046631046;100877;36517;0.36;0.408626347;;;;;;;142.93;11099.55
19;Jandira;2005;74.89;4967;0.04839574;102633;37718;0.37;0.41589937;;;;0.68;0.72;0;155.44;11998.57
19;Jandira;2006;73.1;5315;0.050939725;104339;38878;0.37;0.423552075;;;;0.67;0.49;0;178.7;12419.81
19;Jandira;2007;71.16;5678;0.053570586;105991;40044;0.38;0.431376249;;;;0.66;0.48;0;196.99;14771.53
19;Jandira;2008;69.21;6067;0.056350718;107665;41227;0.38;0.439269958;;;;0.65;0.3;0.84;249.74;16208.32
19;Jandira;2009;68.39;6488;0.059319942;109373;42417;0.39;0.447139605;;;;0.64;0.23;0.82;235.4;16169.01
19;Jandira;2010;65.81;6918;0.062287289;111066;43615;0.39;0.454981723;0.76;;83.5;0.63;0.26;0.9;238.19;18938.49
19;Jandira;2011;64.06;7457;0.06620735;112631;44745;0.4;0.463478083;;;;0.28;0.19;0.89;286.27;20419.33
19;Jandira;2012;64.84;8011;0.070142105;114211;45884;0.4;0.471889748;;;;0.39;0.47;0.79;307.5;21703.05
19;Jandira;2013;63.32;8577;0.074081432;115778;47009;0.41;0.480108483;;;;0.38;0.34;0.78;356.53;23375.57
19;Jandira;2014;62.77;9162;0.078077464;117345;48109;0.41;0.488056585;;;;0.22;0.62;0.77;462.91;28973.81
19;Jandira;2015;65.18;9763;0.082077193;118949;49162;0.41;0.495380373;;;;0.22;0.54;0.76;485.64;26982.58
19;Jandira;2016;67.69;10438;0.086624563;120497;50124;0.42;0.502601725;;;;0;0.51;0.91;578.76;30293.94
19;Jandira;2017;69.28;11125;0.091196747;121989;51041;0.42;0.509603325;;;;0;0.61;0.9;604.33;33849.88
19;Jandira;2018;69.8;11824;0.095755622;123481;51902;0.42;0.516079397;;;;0;0.4;0.89;394.53;
19;Jandira;2019;70.04;12528;0.100274538;124937;52706;0.42;0.522135156;;;;0;0.4;0.88;481.21;
19;Jandira;2020;70.38;13237;0.104759568;126356;53452;0.42;0.527786571;;;;0.08;0.55;0.87;;
20;Juquitiba;2000;96.16;1935;0.071812952;26945;8451;0.31;0.385451846;0.667;;90.02;;;;114.29;
20;Juquitiba;2001;95.55;1997;0.073340923;27229;8747;0.32;0.394579309;;;;;;;136.68;
20;Juquitiba;2002;95.04;2059;0.074889067;27494;9042;0.33;0.403760821;;;;;;;140.83;7614.82
20;Juquitiba;2003;94.91;2121;0.076435187;27749;9340;0.34;0.413023893;;;;;;;193.42;7734.73
20;Juquitiba;2004;94.95;2187;0.078104353;28001;9641;0.34;0.422413485;;;;;;;198.44;9534.57
20;Juquitiba;2005;94.35;2262;0.080065128;28252;9941;0.35;0.431934022;;;;0.85;0.64;0.71;223.19;10044.62
20;Juquitiba;2006;93.54;2369;0.083131558;28497;10160;0.36;0.439660315;;;;0.84;0.46;1.05;201.13;9418.22
20;Juquitiba;2007;92.94;2486;0.086520725;28733;10379;0.36;0.447743013;;;;0.84;0.38;1.04;254.92;10643.11
20;Juquitiba;2008;92.31;2613;0.090190529;28972;10596;0.37;0.45592296;;;;0.83;0.52;1.04;301.55;10091.44
20;Juquitiba;2009;93.38;2747;0.094020604;29217;10816;0.37;0.464216039;;;;0.82;0.31;2.05;267.32;9373.37
20;Juquitiba;2010;93.28;2891;0.098136393;29459;11034;0.37;0.472690858;0.76;;95.08;0.81;0.17;2.04;337.63;10440.65
20;Juquitiba;2011;92.03;3007;0.101303777;29683;11261;0.38;0.480679177;;;;0.81;0.4;2.02;367.79;11347.63
20;Juquitiba;2012;91.68;3131;0.104684209;29909;11486;0.38;0.488715771;;;;0.8;0.4;2.01;435.72;12183.43
20;Juquitiba;2013;91.77;3259;0.108153851;30133;11708;0.39;0.496697972;;;;0;0.27;1.99;406.34;14087.98
20;Juquitiba;2014;91.99;3394;0.111802879;30357;11922;0.39;0.504529433;;;;0;0.4;1.98;432.8;14489.04
20;Juquitiba;2015;92.15;3537;0.115637362;30587;12126;0.4;0.512080296;;;;0;0.29;1.96;453.2;14978.84
20;Juquitiba;2016;92.2;3682;0.119514412;30808;12343;0.4;0.520157102;;;;0;0.36;1.95;522.57;15191.81
20;Juquitiba;2017;92.58;3832;0.12352524;31022;12550;0.4;0.528076849;;;;0;0.71;1.93;591.42;16263.83
20;Juquitiba;2018;92.87;3989;0.1277093;31235;12745;0.41;0.535745158;;69.46;;0;0.51;1.92;676.67;
20;Juquitiba;2019;93.95;4147;0.131885256;31444;12926;0.41;0.542965272;;;;0;0.48;2.23;784.39;
20;Juquitiba;2020;94.06;4307;0.136099349;31646;13098;0.41;0.54999052;;;;0;0.41;2.53;;
21;Mairiporã;2000;81.63;4534;0.074066814;61215;21890;0.36;0.431658907;0.583;;30.73;;;;114.67;
21;Mairiporã;2001;83.78;4793;0.075276417;63672;23160;0.36;0.43901558;;;;;;;131.82;
21;Mairiporã;2002;83.51;5040;0.076397205;65971;24394;0.37;0.446165739;;;;;;;153.73;6367.18
21;Mairiporã;2003;83.86;5286;0.077531205;68179;25606;0.38;0.453101395;;;;;;;149.14;7016.55
21;Mairiporã;2004;81.51;5543;0.078776079;70364;26815;0.38;0.45986584;;;;;;;156.63;8122.73
21;Mairiporã;2005;79.38;5816;0.080176454;72540;28033;0.39;0.46662531;;;;0;0.22;0.28;169.8;8654.31
21;Mairiporã;2006;78.29;6207;0.083143569;74654;29256;0.39;0.475031479;;;;0;0.29;0.94;191.77;8987.01
21;Mairiporã;2007;77.82;6614;0.086230949;76701;30468;0.4;0.483461754;;;;0;0.3;1.17;228.67;9698.61
21;Mairiporã;2008;76.28;7056;0.089570428;78776;31686;0.4;0.491799533;;;;0;0.33;1.02;252.09;10451.72
21;Mairiporã;2009;76.89;7525;0.093025268;80892;32921;0.41;0.5;;;;0;0.32;0.99;307.84;12053.65
21;Mairiporã;2010;75.67;8013;0.096553802;82990;34140;0.41;0.507928666;0.709;;38.12;0;0.25;0.96;327.46;13821.16
21;Mairiporã;2011;74.81;8460;0.099612618;84929;35322;0.42;0.515512958;;;;0;0.26;1.06;370.72;14965.34
21;Mairiporã;2012;74.54;8923;0.102695424;86888;36504;0.42;0.522822484;;;;0;0.22;1.15;440.38;15378.88
21;Mairiporã;2013;75.26;9406;0.105888843;88829;37664;0.42;0.529894516;;;;0;0.24;1.46;457.98;16804.69
21;Mairiporã;2014;75.16;9903;0.109098721;90771;38808;0.43;0.53663615;;;;0;0.28;1.43;530.52;17148.31
21;Mairiporã;2015;75.97;10421;0.112344894;92759;39930;0.43;0.542815252;;;;0;0.28;1.4;529.76;17194.82
21;Mairiporã;2016;78.08;11005;0.116237312;94677;41109;0.43;0.550439917;;;;0;0.3;1.48;589.04;17847.51
21;Mairiporã;2017;79.06;11600;0.12017612;96525;42240;0.44;0.557782958;;;;0;0.28;1.45;511.63;18376.92
21;Mairiporã;2018;80.4;12212;0.124138492;98374;43334;0.44;0.564641064;;53.58;;0;0.27;1.42;579.85;
21;Mairiporã;2019;81.48;12827;0.128040807;100179;44369;0.44;0.570938021;;;;0;0.26;1.5;614.91;
21;Mairiporã;2020;81.82;13446;0.131905;101937;45355;0.44;0.576836674;;;;0;0.39;1.47;;
22;Mauá;2000;54.17;20830;0.056286801;370069;131826;0.36;0.412506857;0.682;;75.44;;;;112.68;
22;Mauá;2001;56.68;21940;0.058265216;376554;135802;0.36;0.418909373;;;;;;;124.22;
22;Mauá;2002;62.06;23046;0.060231612;382623;139749;0.37;0.425471025;;;;;;;134.07;10366.14
22;Mauá;2003;69.12;24159;0.062193172;388451;143684;0.37;0.432082811;;;;;;;161.83;12177.18
22;Mauá;2004;70.25;25330;0.064254114;394216;147641;0.37;0.438772145;;;;;;;170.31;13334.53
22;Mauá;2005;68;26586;0.066471813;399959;151648;0.38;0.445630677;;;;0.35;0.57;0.55;188.01;14109.1
22;Mauá;2006;62.7;28031;0.069120356;405539;155635;0.38;0.452893556;;;;0.34;0.51;0.54;251.82;15021.19
22;Mauá;2007;60.27;29564;0.071942026;410942;159633;0.39;0.460398304;;;;0.34;0.7;0.56;288.96;15884.32
22;Mauá;2008;57.46;31238;0.075015609;416420;163667;0.39;0.468049085;;;;0.33;0.78;0.55;341.8;17865.47
22;Mauá;2009;57.59;33049;0.078314238;422005;167726;0.4;0.475764505;;;;0.41;0.76;0.55;325.23;19281.65
22;Mauá;2010;59.1;34937;0.081715757;427543;171784;0.4;0.483509261;0.788;;90.36;0.42;0.87;0.54;409.7;22380.6
22;Mauá;2011;58.34;37058;0.085651155;432662;175681;0.41;0.491697907;;;;0.41;0.88;0.58;391.18;23300.41
22;Mauá;2012;57.28;39250;0.089646462;437831;179595;0.41;0.499838979;;;;0.41;0.74;0.64;413.56;21831.57
22;Mauá;2013;53.91;41525;0.093745414;442955;183465;0.41;0.507929699;;;;0.53;0.38;0.56;498.98;24391.69
22;Mauá;2014;54.96;43884;0.097937431;448082;187205;0.42;0.515729264;;;;0.58;0.46;0.56;561.25;25727.55
22;Mauá;2015;57.19;46327;0.102193339;453327;190772;0.42;0.523019807;;;;0.47;0.81;0.53;616.6;27207.82
22;Mauá;2016;58.36;49037;0.106976592;458390;194348;0.42;0.530956173;;;;0.53;0.89;0.52;598.15;32753.51
22;Mauá;2017;60.35;51818;0.111852941;463269;197756;0.43;0.538723722;;;;0.41;0.96;0.52;609.14;36360.81
22;Mauá;2018;60.18;54662;0.11676222;468148;200961;0.43;0.546030315;;66.81;;0.4;0.81;0.53;605.87;
22;Mauá;2019;59.96;57544;0.121680143;472912;203957;0.43;0.552959113;;;;0.4;1.09;0.53;621.79;
22;Mauá;2020;60.04;60448;0.126578886;477552;206714;0.43;0.559440647;;;;0.4;1.14;0.54;;
23;Mogi das Cruzes;2000;75.53;26087;0.077568546;336309;119311;0.35;0.432334549;0.664;;80.05;;;;46.28;
23;Mogi das Cruzes;2001;75.45;27225;0.079323225;343216;123147;0.36;0.438126428;;;;;;;51.04;
23;Mogi das Cruzes;2002;72.8;28338;0.081039808;349680;126946;0.36;0.444074582;;;;;;;66.08;10237.73
23;Mogi das Cruzes;2003;72.79;29454;0.082762225;355887;130722;0.37;0.450075445;;;;;;;79.89;11311.65
23;Mogi das Cruzes;2004;71.7;30627;0.084598663;362027;134509;0.37;0.456142774;;;;;;;98.65;12652.87
23;Mogi das Cruzes;2005;70.64;31889;0.086620996;368144;138326;0.38;0.462359837;;;;0;0.15;0;111.24;12918.82
23;Mogi das Cruzes;2006;68;33312;0.089048804;374087;142195;0.38;0.469160917;;;;0;0.29;0;116.58;13579.86
23;Mogi das Cruzes;2007;65.9;34830;0.091696262;379841;146049;0.38;0.476196619;;;;0;0.34;0;138.73;16162.75
23;Mogi das Cruzes;2008;62.24;36516;0.094680509;385676;149921;0.39;0.483403167;;;;0.02;0.34;0.86;219.45;19233.66
23;Mogi das Cruzes;2009;60.5;38368;0.097971524;391624;153795;0.39;0.490682389;;;;0;0.31;0.87;254.32;20550.98
23;Mogi das Cruzes;2010;57.49;40294;0.101362943;397522;157648;0.4;0.497939737;0.766;;82.31;0;0.33;0.73;308.13;24247.04
23;Mogi das Cruzes;2011;63.38;42249;0.104842992;402974;161298;0.4;0.505111992;;;;0;0.34;0.92;308.7;25944.39
23;Mogi das Cruzes;2012;63.88;44291;0.108429075;408479;164942;0.4;0.512224619;;;;0;0.38;0.95;377.08;28112.88
23;Mogi das Cruzes;2013;62.05;46420;0.112142669;413937;168519;0.41;0.519255346;;;;0;0.4;0.94;393.62;32078.35
23;Mogi das Cruzes;2014;62.36;48636;0.115966495;419397;171975;0.41;0.526019499;;;;0.05;0.4;0.91;456.46;32823.39
23;Mogi das Cruzes;2015;64.28;50948;0.119882442;424983;175275;0.41;0.532310704;;;;0.16;0.49;0.92;545.48;34570.59
23;Mogi das Cruzes;2016;66.27;53521;0.1243587;430376;178505;0.41;0.539123929;;;;0.15;0.6;0.93;602.67;35081.71
23;Mogi das Cruzes;2017;67.31;56169;0.12895457;435572;181556;0.42;0.545776588;;;;0.15;0.56;0.87;608.93;34496.08
23;Mogi das Cruzes;2018;67.89;58892;0.133611937;440769;184422;0.42;0.55202158;;53.9;;0.15;0.57;0.86;637.14;
23;Mogi das Cruzes;2019;69.6;61655;0.138288901;445842;187079;0.42;0.557897192;;;;0.15;0.58;0.85;693.28;
23;Mogi das Cruzes;2020;69.43;64442;0.142955067;450785;189524;0.42;0.563386093;;;;0.06;0.72;0.84;;
24;Nova Odessa;2000;56.87;3562;0.083138829;42844;16319;0.38;0.464032303;0.705;;97.78;;;;180.01;
24;Nova Odessa;2001;60.74;3720;0.084666682;43937;16904;0.38;0.469399367;;;;;;;184.15;
24;Nova Odessa;2002;59.67;3879;0.086278609;44959;17473;0.39;0.474921595;;;;;;;199.47;13351.84
24;Nova Odessa;2003;60.06;4036;0.087849898;45942;18030;0.39;0.480301249;;;;;;;232.35;15400.94
24;Nova Odessa;2004;54.09;4201;0.089548739;46913;18596;0.4;0.485942063;;;;;;;264.33;17636.44
24;Nova Odessa;2005;47.9;4379;0.091455901;47881;19161;0.4;0.491635513;;;;0.92;0.69;0.84;254.47;17820.97
24;Nova Odessa;2006;43.79;4598;0.094180783;48821;19751;0.4;0.498740296;;;;0.9;0.43;0.82;307.64;19528.93
24;Nova Odessa;2007;45.36;4830;0.097120566;49732;20344;0.41;0.506193196;;;;0.97;0.46;0.8;384.14;20940.17
24;Nova Odessa;2008;41.92;5083;0.100345474;50655;20931;0.41;0.513552463;;;;0.99;0.53;0.79;402.46;22638.73
24;Nova Odessa;2009;39.48;5360;0.103884022;51596;21521;0.42;0.520989999;;;;0.97;0.58;0.78;445.87;26434.86
24;Nova Odessa;2010;41.04;5648;0.10752156;52529;22107;0.42;0.528374802;0.791;;96.88;0.95;0.74;0.76;478.4;31245.62
24;Nova Odessa;2011;45.88;5942;0.111290081;53392;22685;0.42;0.536166467;;;;0.94;0.81;0.75;518.83;35247.33
24;Nova Odessa;2012;47.14;6246;0.115106058;54263;23255;0.43;0.543666955;;;;0.98;0.53;0.92;658.62;37718.24
24;Nova Odessa;2013;59.29;6562;0.119036389;55126;23825;0.43;0.551228096;;;;0.96;0.67;0.91;651.94;42978.98
24;Nova Odessa;2014;58.22;6891;0.123075549;55990;24379;0.44;0.558492588;;;;0.95;1.18;0.89;703.66;48894.11
24;Nova Odessa;2015;59.3;7233;0.127175862;56874;24918;0.44;0.565302247;;;;0.93;1.02;0.88;699.91;47424.68
24;Nova Odessa;2016;60.73;7619;0.131983301;57727;25405;0.44;0.572071994;;;;0.92;0.92;0.87;806.74;53681.07
24;Nova Odessa;2017;60.69;8018;0.136945123;58549;25869;0.44;0.578780167;;;;0.91;0.99;0.85;794.07;56554.29
24;Nova Odessa;2018;60.87;8426;0.14192114;59371;26317;0.44;0.585184686;;;;0.89;0.79;0.84;905.16;
24;Nova Odessa;2019;61.67;8841;0.146923921;60174;26727;0.44;0.591085851;;;;0.88;0.8;0.83;1005.46;
24;Nova Odessa;2020;61.97;9260;0.151912855;60956;27099;0.44;0.596479428;;;;1.1;1.05;0.98;;
25;Osasco;2000;56.32;45739;0.068823505;664584;241415;0.36;0.43208082;0.705;;70.7;;;;124.92;
25;Osasco;2001;56.15;47292;0.070932645;666717;245049;0.37;0.438478395;;;;;;;115.39;
25;Osasco;2002;61.51;48855;0.073058138;668714;248858;0.37;0.445202284;;;;;;;124.26;18911.9
25;Osasco;2003;63.72;50458;0.075239588;670631;252781;0.38;0.452169673;;;;;;;157.6;21485.18
25;Osasco;2004;61.09;52173;0.077577439;672528;256780;0.38;0.459390538;;;;;;;161.76;24595.36
25;Osasco;2005;59.92;54051;0.080144777;674417;260855;0.39;0.466930697;;;;0.4;0.75;0.55;194.86;29483.79
25;Osasco;2006;57.16;55979;0.082778191;676253;264410;0.39;0.473770911;;;;0.4;0.78;0.55;202.25;31618.93
25;Osasco;2007;54.38;58103;0.085693722;678031;268067;0.4;0.481054701;;;;0.51;0.85;0.55;270.58;36775.84
25;Osasco;2008;50.95;60506;0.089001269;679833;271710;0.4;0.488672954;;;;0.48;0.94;0.53;325.09;48749.19
25;Osasco;2009;50.74;63154;0.092646002;681670;275336;0.4;0.496559919;;;;0.41;0.79;0.53;374.39;55554.69
25;Osasco;2010;50.19;65943;0.096479549;683492;278961;0.41;0.504620391;0.791;;83.76;0.4;0.85;0.59;424.23;65254.15
25;Osasco;2011;50.08;68732;0.100312912;685176;282281;0.41;0.512296111;;;;0.55;0.97;0.58;537.76;71291.65
25;Osasco;2012;50.06;71658;0.104324355;686877;285569;0.42;0.520074191;;;;0.55;0.98;0.6;572.46;74810.76
25;Osasco;2013;48.62;74731;0.108531984;688562;288800;0.42;0.527956814;;;;0.54;0.97;0.58;582.71;81047.95
25;Osasco;2014;48.43;77950;0.112930261;690249;291816;0.42;0.535699436;;;;0.54;1.04;0.58;731.56;90569.88
25;Osasco;2015;50.4;81302;0.117492854;691974;294505;0.43;0.543094105;;;;0.56;0.97;0.56;731.94;97945.17
25;Osasco;2016;52.68;84781;0.122226227;693640;296576;0.43;0.549790958;;;;0.56;1.04;0.55;806.57;112198.13
25;Osasco;2017;52.93;88415;0.127170997;695245;298454;0.43;0.556449885;;;;0.54;0.98;0.55;813.89;115226.82
25;Osasco;2018;53.71;92164;0.132258018;696850;300031;0.43;0.562811222;;83.07;;0.54;1.04;0.55;815.12;
25;Osasco;2019;54.72;96000;0.137453502;698418;301337;0.43;0.568910022;;;;0.54;1.12;0.54;989.84;
25;Osasco;2020;54.69;99893;0.142715703;699944;302383;0.43;0.574725978;;;;0.65;1.15;0.54;;
26;Pirapora do Bom Jesus;2000;95.34;747;0.059177692;12623;3893;0.31;0.367582983;0.621;;61.76;;;;124.85;
26;Pirapora do Bom Jesus;2001;95.62;784;0.060224305;13018;4082;0.31;0.373790137;;;;;;;154.09;
26;Pirapora do Bom Jesus;2002;95.31;822;0.061393681;13389;4277;0.32;0.380835014;;;;;;;200.68;7146.73
26;Pirapora do Bom Jesus;2003;94.87;859;0.0625;13744;4464;0.32;0.387296275;;;;;;;210.97;7407.19
26;Pirapora do Bom Jesus;2004;87.17;899;0.063776958;14096;4655;0.33;0.394012486;;;;;;;201.05;11177.88
26;Pirapora do Bom Jesus;2005;85.14;940;0.065069916;14446;4848;0.34;0.400664544;;;;0;0.48;0;241.3;13207.2
26;Pirapora do Bom Jesus;2006;84.25;982;0.066414176;14786;5048;0.34;0.407818206;;;;0;0.47;0;257.73;20692.24
26;Pirapora do Bom Jesus;2007;82.67;1029;0.068073564;15116;5245;0.35;0.415056893;;;;0;0.79;0;282.82;24655.28
26;Pirapora do Bom Jesus;2008;83.99;1078;0.069773463;15450;5442;0.35;0.422006472;;;;0;0.52;3.24;368.23;25304.01
26;Pirapora do Bom Jesus;2009;73.04;1133;0.071754275;15790;5644;0.36;0.429195693;;;;0;0.82;2.53;300.93;23213.25
26;Pirapora do Bom Jesus;2010;67.08;1189;0.073722718;16128;5844;0.36;0.436073909;0.727;;63.82;0;0.68;2.48;356.26;22872.29
26;Pirapora do Bom Jesus;2011;72.69;1250;0.076034063;16440;6015;0.37;0.441909976;;;;0;0.24;3.04;437.09;27503.65
26;Pirapora do Bom Jesus;2012;76.75;1314;0.078424351;16755;6184;0.37;0.447508207;;;;0;0.3;2.98;474.37;26030.72
26;Pirapora do Bom Jesus;2013;79.57;1383;0.081028826;17068;6349;0.37;0.453011483;;;;0;0.23;2.93;543.62;26432.46
26;Pirapora do Bom Jesus;2014;82.4;1451;0.083481963;17381;6513;0.37;0.458201484;;;;0;0.52;2.88;593.02;22400.01
26;Pirapora do Bom Jesus;2015;83.77;1523;0.086045198;17700;6670;0.38;0.462881356;;;;0;0.62;2.82;542.45;17101.13
26;Pirapora do Bom Jesus;2016;84.19;1594;0.0885113;18009;6855;0.38;0.469154312;;;;0;0.56;2.78;634.56;20819.56
26;Pirapora do Bom Jesus;2017;85.18;1668;0.091112689;18307;7032;0.38;0.475228055;;;;0;0.66;2.73;580.69;22175.15
26;Pirapora do Bom Jesus;2018;85.15;1744;0.093743281;18604;7205;0.39;0.481025586;;;;0;0.7;2.69;642.13;
26;Pirapora do Bom Jesus;2019;85.64;1820;0.096321778;18895;7368;0.39;0.486266208;;;;0;0.69;2.65;711.19;
26;Pirapora do Bom Jesus;2020;85.62;1898;0.098967567;19178;7523;0.39;0.491239962;;;;0;0.73;2.61;;
27;Poá;2000;81.72;6154;0.063078484;97561;34452;0.35;0.416211396;0.621;;87.43;;;;64.79;
27;Poá;2001;82.12;6362;0.064382938;98815;35315;0.36;0.42176795;;;;;;;78.18;
27;Poá;2002;81.47;6569;0.065697227;99989;36183;0.36;0.427567032;;;;;;;102.61;22564.55
27;Poá;2003;82.6;6779;0.067041813;101116;37050;0.37;0.433452668;;;;;;;121.25;25502.42
27;Poá;2004;81.63;7003;0.068501726;102231;37930;0.37;0.439524215;;;;;;;148.41;32364.75
27;Poá;2005;79.88;7247;0.070126376;103342;38817;0.38;0.44574326;;;;0.14;0.4;0.19;173.58;33641.11
27;Poá;2006;75.06;7608;0.072858908;104421;39700;0.38;0.453050632;;;;0.13;0.37;0.96;207.95;34540.17
27;Poá;2007;71.62;7996;0.075815903;105466;40589;0.38;0.460669789;;;;0.13;0.39;0;251.16;28957.79
27;Poá;2008;69.74;8420;0.079041736;106526;41481;0.39;0.46843963;;;;0.23;0.52;0.94;303.2;33106.29
27;Poá;2009;72.23;8878;0.082504693;107606;42374;0.39;0.476293144;;;;0.22;0.4;1.49;373.48;30901.12
27;Poá;2010;71.98;9356;0.086089973;108677;43268;0.4;0.484223893;0.727;;94.54;0.22;0.4;1.47;409.66;37033.45
27;Poá;2011;72.01;9839;0.089717053;109667;44058;0.4;0.491460512;;;;0.13;0.42;1.46;501.65;39609.01
27;Poá;2012;72.51;10340;0.093433454;110667;44848;0.41;0.498685245;;;;0.19;0.44;1.45;549.24;36043.11
27;Poá;2013;71.36;10860;0.09726128;111658;45624;0.41;0.505866127;;;;0.19;0.51;1.25;606.71;36691.81
27;Poá;2014;71.03;11403;0.101225932;112649;46361;0.41;0.512778631;;;;0.27;0.52;1.24;688.18;36316.09
27;Poá;2015;72.89;11966;0.105275197;113664;47061;0.41;0.519311303;;;;0.29;0.5;1.23;701.43;38909.52
27;Poá;2016;73.88;12572;0.109662169;114643;47811;0.42;0.52670464;;;;0.31;0.51;1.22;861.35;39628.92
27;Poá;2017;74.33;13196;0.114165088;115587;48514;0.42;0.533883568;;;;0.3;0.43;1.21;832.5;37374.78
27;Poá;2018;74.98;13835;0.118724792;116530;49175;0.42;0.540719128;;78.18;;0.3;0.51;1.2;811.26;
27;Poá;2019;75.89;14479;0.123275891;117452;49783;0.42;0.547134148;;;;0.31;0.47;1.19;1049.09;
27;Poá;2020;76;15131;0.127850679;118349;50346;0.43;0.553253513;;;;0.3;0.52;1.18;;
28;Ribeirão Pires;2000;71.85;7702;0.072368174;106428;39701;0.37;0.445399707;0.699;;81.34;;;;120.91;
28;Ribeirão Pires;2001;70.37;8045;0.074838602;107498;40644;0.38;0.452929357;;;;;;;141.88;
28;Ribeirão Pires;2002;72.45;8385;0.077281818;108499;41594;0.38;0.46064019;;;;;;;145.79;6719.23
28;Ribeirão Pires;2003;71.72;8730;0.079755162;109460;42555;0.39;0.468527316;;;;;;;135.55;7478.52
28;Ribeirão Pires;2004;67.17;9090;0.082328753;110411;43520;0.39;0.476492378;;;;;;;149.09;8327.07
28;Ribeirão Pires;2005;63.24;9476;0.085094155;111359;44503;0.4;0.484729568;;;;0.4;0.48;0.72;194.29;8932.41
28;Ribeirão Pires;2006;57.45;10011;0.08916182;112279;45328;0.4;0.492870439;;;;0.4;0.61;0.8;219.37;9838.33
28;Ribeirão Pires;2007;52.68;10576;0.093451503;113171;46164;0.41;0.501365191;;;;0.4;0.63;0.8;264.14;11393.3
28;Ribeirão Pires;2008;49.74;11194;0.098129284;114074;47004;0.41;0.510177604;;;;0.39;0.64;0.79;296.38;12230.76
28;Ribeirão Pires;2009;50.76;11857;0.103108831;114995;47838;0.42;0.519109527;;;;0.39;0.69;0.78;391;12799.84
28;Ribeirão Pires;2010;50.38;12547;0.108248712;115909;48663;0.42;0.528086689;0.771;;98.49;0.39;0.65;0.78;350.31;15963.68
28;Ribeirão Pires;2011;49.85;13230;0.113316146;116753;49464;0.42;0.536979778;;;;0.43;0.49;0.77;457.51;17824.61
28;Ribeirão Pires;2012;50.72;13936;0.118497356;117606;50255;0.43;0.545813989;;;;0.43;0.75;0.77;542.34;19351.46
28;Ribeirão Pires;2013;49.34;14671;0.123857122;118451;51044;0.43;0.554786367;;;;0.42;0.55;0.84;630.51;22344.31
28;Ribeirão Pires;2014;48.63;15435;0.129382969;119297;51789;0.43;0.563501178;;;;0.42;0.83;0.84;692.02;23708.52
28;Ribeirão Pires;2015;51.34;16227;0.135042692;120162;52482;0.44;0.571803066;;;;0.42;0.62;0.83;578.11;24649.59
28;Ribeirão Pires;2016;51.02;17025;0.140704805;120998;53164;0.44;0.580083968;;;;0.41;0.55;0.83;636.38;25674.72
28;Ribeirão Pires;2017;51.64;17850;0.146549318;121802;53810;0.44;0.588331883;;;;0.41;0.76;0.9;627.29;25950.55
28;Ribeirão Pires;2018;52.27;18694;0.152470903;122607;54401;0.44;0.596173139;;59.67;;0.41;0.77;0.9;726.38;
28;Ribeirão Pires;2019;52.84;19557;0.158493594;123393;54933;0.45;0.603680922;;;;0.41;0.78;0.89;753.35;
28;Ribeirão Pires;2020;53.17;20425;0.164506802;124159;55415;0.45;0.610829662;;;;0.68;0.86;0.89;;
29;Rio Grande da Serra;2000;84.34;2015;0.053344982;37773;12424;0.33;0.382257168;0.718;;93.77;;;;63.62;
29;Rio Grande da Serra;2001;82.88;2136;0.055341089;38597;12943;0.34;0.390678032;;;;;;;63.3;
29;Rio Grande da Serra;2002;82.15;2253;0.057227768;39369;13462;0.34;0.399171937;;;;;;;82.79;3754.73
29;Rio Grande da Serra;2003;84.21;2378;0.059286961;40110;13969;0.35;0.407554226;;;;;;;118.71;4080.69
29;Rio Grande da Serra;2004;78.96;2503;0.061283451;40843;14483;0.35;0.415885219;;;;;;;120.19;4676.64
29;Rio Grande da Serra;2005;73.22;2640;0.063502754;41573;15008;0.36;0.42450629;;;;0;0.51;0;129.67;5387.95
29;Rio Grande da Serra;2006;70.16;2786;0.065890923;42282;15511;0.37;0.432737335;;;;0;0.33;0;121.6;5389.62
29;Rio Grande da Serra;2007;67.4;2943;0.068491238;42969;16006;0.37;0.440992343;;;;0;0.49;0;140.53;5712.78
29;Rio Grande da Serra;2008;69.4;3111;0.071246994;43665;16512;0.38;0.449398832;;;;0;0.39;1.37;180.02;6338.28
29;Rio Grande da Serra;2009;68.81;3293;0.074208451;44375;17030;0.38;0.457983099;;;;0;0.38;1.35;172.6;7784.11
29;Rio Grande da Serra;2010;67.28;3483;0.077264358;45079;17535;0.39;0.466248142;0.784;;98.69;0;0.55;1.33;189.15;8756.5
29;Rio Grande da Serra;2011;65.7;3708;0.081084627;45730;18026;0.39;0.475267877;;;;0;0.39;1.31;208.56;9551.18
29;Rio Grande da Serra;2012;66.93;3942;0.084980706;46387;18523;0.4;0.484295169;;;;0;0.28;1.29;247.66;10021.32
29;Rio Grande da Serra;2013;65.71;4182;0.088906841;47038;19013;0.4;0.493111952;;;;0;0.38;1.91;261.67;11589.03
29;Rio Grande da Serra;2014;65.76;4431;0.09291256;47690;19486;0.41;0.50150975;;;;0;0.52;1.89;310.35;11234.64
29;Rio Grande da Serra;2015;65.74;4688;0.096945634;48357;19946;0.41;0.509419526;;;;0;0.43;1.86;311.6;11399.01
29;Rio Grande da Serra;2016;68.72;4957;0.101163265;49000;20360;0.42;0.516673469;;;;0;0.41;1.63;438.62;12789.98
29;Rio Grande da Serra;2017;69.91;5232;0.105441354;49620;20755;0.42;0.523720274;;;;0;0.44;1.61;402.82;12707.75
29;Rio Grande da Serra;2018;70.29;5516;0.109790808;50241;21129;0.42;0.530343743;;42.27;;0;0.32;1.59;404.14;
29;Rio Grande da Serra;2019;71.23;5802;0.114109271;50846;21479;0.42;0.536541714;;;;0;0.28;1.57;412.88;
29;Rio Grande da Serra;2020;71.87;6092;0.118438448;51436;21799;0.42;0.542246675;;;;0;0.31;1.56;;
30;Salesópolis;2000;91.24;1472;0.100677108;14621;4953;0.34;0.439436427;0.625;;72.96;;;;72.17;
30;Salesópolis;2001;91.7;1502;0.101623816;14780;5088;0.34;0.445872801;;;;;;;82.95;
30;Salesópolis;2002;90.01;1529;0.102424973;14928;5224;0.35;0.452371383;;;;;;;91.52;10235.72
30;Salesópolis;2003;90.1;1559;0.1034437;15071;5361;0.36;0.459159976;;;;;;;92.32;11672.95
30;Salesópolis;2004;90.03;1591;0.104588483;15212;5498;0.36;0.466013673;;;;;;;99.04;11712.01
30;Salesópolis;2005;89.49;1628;0.106037908;15353;5636;0.37;0.473132287;;;;0;1.04;0;131.76;11477.4
30;Salesópolis;2006;89.22;1685;0.108786881;15489;5729;0.37;0.478662276;;;;0;0.45;0;197.37;8933.05
30;Salesópolis;2007;89.03;1746;0.111765459;15622;5826;0.37;0.484701063;;;;0;0.19;0;216.09;13151.65
30;Salesópolis;2008;88.61;1818;0.115384615;15756;5917;0.38;0.490924092;;;;0;0.32;1.27;296.22;6764.27
30;Salesópolis;2009;87.55;1896;0.119305311;15892;6012;0.38;0.49760886;;;;0;0.25;1.26;299.51;7951.63
30;Salesópolis;2010;85.72;1977;0.123346643;16028;6102;0.38;0.504055403;0.749;;85.05;0;0.19;1.25;332.93;8163.48
30;Salesópolis;2011;87.31;2023;0.125239894;16153;6214;0.38;0.509936235;;;;0;0.25;1.24;360.06;8675.89
30;Salesópolis;2012;86.24;2073;0.127334152;16280;6328;0.39;0.516031941;;;;0;0.18;1.23;454.46;9198.67
30;Salesópolis;2013;84.61;2130;0.129838464;16405;6441;0.39;0.522462664;;;;0;0.24;1.22;393.43;10170.02
30;Salesópolis;2014;86.18;2190;0.132478374;16531;6545;0.4;0.528401186;;;;0;0.48;1.21;488.19;11519.86
30;Salesópolis;2015;85.65;2252;0.135182184;16659;6647;0.4;0.534185725;;;;0;0.42;1.2;419.15;11839.59
30;Salesópolis;2016;86.34;2332;0.138950128;16783;6755;0.4;0.541440744;;;;0;0.3;1.19;590.85;12255.13
30;Salesópolis;2017;86.31;2415;0.142874046;16903;6854;0.41;0.548364196;;;;0;0.41;1.18;610.56;12182.52
30;Salesópolis;2018;87.26;2502;0.146986253;17022;6949;0.41;0.555222653;;73.97;;0;0.18;1.17;686.12;
30;Salesópolis;2019;88.66;2590;0.151117335;17139;7035;0.41;0.56158469;;;;0;0.23;1.17;678.74;
30;Salesópolis;2020;88.88;2683;0.155518201;17252;7117;0.41;0.568050081;;;;0;0.23;1.16;;
31;Santa Bárbara d'Oeste;2000;78.65;13512;0.078012506;173203;65875;0.38;0.458346564;0.621;;97.52;;;;95.76;
31;Santa Bárbara d'Oeste;2001;77.55;13965;0.080037368;174481;67134;0.38;0.464801325;;;;;;;96.84;
31;Santa Bárbara d'Oeste;2002;76.25;14418;0.082070606;175678;68410;0.39;0.471476224;;;;;;;109.06;7637.95
31;Santa Bárbara d'Oeste;2003;75.62;14880;0.084150521;176826;69702;0.39;0.478334634;;;;;;;129.34;9096.96
31;Santa Bárbara d'Oeste;2004;72.49;15373;0.086383125;177963;71002;0.4;0.485353697;;;;;;;142.27;10492.07
31;Santa Bárbara d'Oeste;2005;70.34;15908;0.088824367;179095;72318;0.4;0.492621235;;;;0;0.2;0.61;148.39;11785.15
31;Santa Bárbara d'Oeste;2006;67.74;16532;0.091745054;180195;73486;0.41;0.499558811;;;;0;0.21;0.61;180.09;12801.85
31;Santa Bárbara d'Oeste;2007;65.36;17209;0.094940969;181260;74663;0.41;0.506852036;;;;0;0.17;0.66;215.08;14652.58
31;Santa Bárbara d'Oeste;2008;62.53;17968;0.098541187;182340;75834;0.42;0.514434573;;;;0;0.12;0.66;237.87;16148.88
31;Santa Bárbara d'Oeste;2009;60.96;18800;0.102485826;183440;77004;0.42;0.52226341;;;;0;0.1;0.65;267.18;16602.3
31;Santa Bárbara d'Oeste;2010;58.14;19675;0.106621074;184532;78156;0.42;0.530157371;0.732;;98.58;0;0.09;0.65;266.03;19316.42
31;Santa Bárbara d'Oeste;2011;56.56;20682;0.111468624;185541;79367;0.43;0.539228526;;;;0;0.15;0.7;318.6;22561.74
31;Santa Bárbara d'Oeste;2012;56.04;21730;0.116477273;186560;80578;0.43;0.548391938;;;;0;0.17;0.8;440.59;23998.2
31;Santa Bárbara d'Oeste;2013;53.96;22819;0.121655915;187570;81764;0.44;0.557567841;;;;0;0.19;0.8;506.36;27690.25
31;Santa Bárbara d'Oeste;2014;53.53;23955;0.127028317;188580;82892;0.44;0.566587125;;;;0;0.23;0.85;556.44;28596.1
31;Santa Bárbara d'Oeste;2015;55.4;25132;0.132542956;189614;83940;0.44;0.575231787;;;;0;0.25;0.84;623.93;27305.89
31;Santa Bárbara d'Oeste;2016;56.71;26534;0.139204247;190612;84834;0.45;0.584265419;;;;0;0.26;0.94;643.79;28978.46
31;Santa Bárbara d'Oeste;2017;56.45;27978;0.146042782;191574;85665;0.45;0.593206803;;;;0;0.26;0.94;721.55;29495.48
31;Santa Bárbara d'Oeste;2018;57.16;29457;0.152994765;192536;86413;0.45;0.601809532;;;;0;0.26;1.09;692.18;
31;Santa Bárbara d'Oeste;2019;57.64;30962;0.160031012;193475;87074;0.45;0.61008399;;;;0;0.22;1.03;664.68;
31;Santa Bárbara d'Oeste;2020;57.86;32482;0.167097073;194390;87650;0.45;0.617994753;;;;0;0.29;1.08;;
32;Santa Isabel;2000;85.24;3452;0.077496408;44544;15578;0.35;0.427218032;0.688;;73.24;;;;53.08;
32;Santa Isabel;2001;83.01;3610;0.079596066;45354;16067;0.35;0.433853684;;;;;;;62.96;
32;Santa Isabel;2002;84.82;3767;0.081692401;46112;16562;0.36;0.440861381;;;;;;;84.29;7824.34
32;Santa Isabel;2003;83.27;3927;0.083840389;46839;17043;0.36;0.447703837;;;;;;;95.42;8835.09
32;Santa Isabel;2004;84.87;4093;0.086061524;47559;17534;0.37;0.454740428;;;;;;;170.16;9195.55
32;Santa Isabel;2005;85;4273;0.088510057;48277;18031;0.37;0.462000539;;;;0;0.25;2.49;221.19;8674.13
32;Santa Isabel;2006;85.28;4490;0.091683172;48973;18490;0.38;0.469238152;;;;0;0.22;2.45;251.17;9274.36
32;Santa Isabel;2007;84.91;4719;0.095049146;49648;18949;0.38;0.476716081;;;;0;0.22;2.42;293.64;10309.24
32;Santa Isabel;2008;86.04;4972;0.098784074;50332;19409;0.39;0.48440356;;;;0;0.22;1.99;355.06;13855.01
32;Santa Isabel;2009;85.94;5244;0.102765094;51029;19868;0.39;0.492112328;;;;0;0.27;1.96;384;15974.66
32;Santa Isabel;2010;86.23;5528;0.106881151;51721;20324;0.39;0.499835657;0.781;;68.78;0;0.19;1.74;461.08;18839.51
32;Santa Isabel;2011;84.36;5804;0.110847976;52360;20796;0.4;0.50802139;;;;0;0.15;1.72;408.58;19330.14
32;Santa Isabel;2012;79.03;6092;0.114930385;53006;21266;0.4;0.516130249;;;;0;0.23;1.89;492.82;22834.66
32;Santa Isabel;2013;80.96;6393;0.119170115;53646;21732;0.41;0.524270216;;;;0;0.19;1.86;558.89;25414.89
32;Santa Isabel;2014;80.42;6706;0.123530929;54286;22181;0.41;0.532126147;;;;0;0.18;2.03;606.85;27907.78
32;Santa Isabel;2015;81.33;7032;0.127991846;54941;22608;0.41;0.539487814;;;;0;0.27;2;576.24;27708.7
32;Santa Isabel;2016;82.14;7372;0.132654347;55573;23058;0.41;0.547568064;;;;0;0.18;1.8;590.14;24108.72
32;Santa Isabel;2017;82.72;7723;0.137463956;56182;23475;0.42;0.55530241;;;;0;0.21;1.78;665.94;25184.79
32;Santa Isabel;2018;83.8;8085;0.1423616;56792;23875;0.42;0.562755318;;97.26;;0;0.25;1.76;802.63;
32;Santa Isabel;2019;83.92;8452;0.14728331;57386;24251;0.42;0.569877671;;;;0;0.35;1.74;711.03;
32;Santa Isabel;2020;83.77;8823;0.152209916;57966;24600;0.42;0.576596626;;;;0;0.28;1.9;;
33;Santana de Parnaíba;2000;62.08;3495;0.045864336;76203;27142;0.36;0.402044539;0.628;;33.69;;;;117.6;
33;Santana de Parnaíba;2001;64.53;3868;0.048234839;80191;28887;0.36;0.408462296;;;;;;;142.31;
33;Santana de Parnaíba;2002;70.76;4235;0.050462924;83923;30563;0.36;0.414641993;;;;;;;171.52;21581.87
33;Santana de Parnaíba;2003;69.31;4598;0.052544368;87507;32197;0.37;0.420480647;;;;;;;216.93;25943.07
33;Santana de Parnaíba;2004;67.55;4969;0.054573211;91052;33831;0.37;0.426130123;;;;;;;259.73;31489.44
33;Santana de Parnaíba;2005;61.63;5357;0.056637486;94584;35473;0.38;0.431679777;;;;0;0.55;0;282.12;34109.54
33;Santana de Parnaíba;2006;59.71;5928;0.060479922;98016;37368;0.38;0.4417238;;;;0;0.56;0;311.15;36413.88
33;Santana de Parnaíba;2007;58.27;6513;0.064270067;101338;39231;0.39;0.451400264;;;;0;0.46;0;381.61;42693.72
33;Santana de Parnaíba;2008;57.2;7132;0.06811388;104707;41119;0.39;0.460819238;;;;0;0.63;0.76;413.44;42625.22
33;Santana de Parnaíba;2009;56.45;7783;0.071970187;108142;43027;0.4;0.469845204;;;;0.26;0.55;0.74;463.14;42486.28
33;Santana de Parnaíba;2010;53.41;8452;0.075770751;111547;44924;0.4;0.478506818;0.738;;42.6;0.25;0.6;0.72;590.44;42436.15
33;Santana de Parnaíba;2011;55.25;9314;0.081206679;114695;46560;0.41;0.487152884;;;;0.24;0.79;0.78;805.3;51467.29
33;Santana de Parnaíba;2012;54.7;10191;0.086456725;117874;48204;0.41;0.49540187;;;;0.17;0.76;0.85;939.62;54268.39
33;Santana de Parnaíba;2013;53.27;11084;0.091584383;121025;49827;0.41;0.503292708;;;;0.13;0.83;0.83;1010.16;59685.54
33;Santana de Parnaíba;2014;52.02;12000;0.096636253;124177;51427;0.41;0.510778969;;;;0.13;0.88;0.81;1107.79;70313.1
33;Santana de Parnaíba;2015;54;12944;0.101598863;127403;52984;0.42;0.517476041;;;;0.27;1.12;0.78;1134.82;64661.3
33;Santana de Parnaíba;2016;56.42;14092;0.107971436;130516;54625;0.42;0.526502498;;;;0.27;0.9;0.84;1251.46;65211.28
33;Santana de Parnaíba;2017;57.52;15252;0.114232645;133517;56191;0.42;0.53508542;;;;0.26;0.9;0.82;1186.68;66281.78
33;Santana de Parnaíba;2018;58.17;16429;0.120343986;136517;57704;0.42;0.543031271;;82.05;;0.26;0.92;0.73;1313.16;
33;Santana de Parnaíba;2019;58.97;17612;0.126298881;139447;59138;0.42;0.55038832;;;;0.22;1.1;0.86;1521.68;
33;Santana de Parnaíba;2020;59.52;18797;0.132093239;142301;60479;0.43;0.557100793;;;;0.29;1.25;0.91;;
34;Santo André;2000;53.42;68126;0.103024217;661262;257704;0.39;0.49273964;0.713;;90.32;;;;118.01;
34;Santo André;2001;51.96;70150;0.105506491;664888;260876;0.39;0.49786731;;;;;;;124.84;
34;Santo André;2002;54.25;72178;0.108005303;668282;264172;0.4;0.503305491;;;;;;;135.59;12978.26
34;Santo André;2003;57.41;74220;0.110521919;671541;267579;0.4;0.508977114;;;;;;;161.79;15288.08
34;Santo André;2004;54.44;76409;0.113237942;674765;271023;0.4;0.514893333;;;;;;;182.14;17187.71
34;Santo André;2005;51.43;78771;0.116185357;677977;274506;0.4;0.521075199;;;;0.38;0.53;0.47;228.08;17966.6
34;Santo André;2006;45.73;80958;0.118864127;681097;278265;0.41;0.527418268;;;;0.37;0.59;0.48;253.89;19012.47
34;Santo André;2007;40.57;83378;0.121876457;684119;282037;0.41;0.534139528;;;;0.45;0.56;0.5;293.29;20956.63
34;Santo André;2008;41.06;86206;0.125448571;687182;285729;0.42;0.541246715;;;;0.44;0.57;0.49;372.11;22111.34
34;Santo André;2009;41.9;89409;0.129521009;690305;289348;0.42;0.548680656;;;;0.41;0.56;0.49;386.93;23476.87
34;Santo André;2010;42.02;92786;0.133812709;693402;292929;0.42;0.55626462;0.814;;94.48;0.41;0.58;0.5;439.92;28342.45
34;Santo André;2011;41.09;96072;0.137981947;696265;296379;0.43;0.563651771;;;;0.41;0.53;0.5;493.18;32063.69
34;Santo André;2012;41.9;99548;0.142383306;699155;299791;0.43;0.571173774;;;;0.48;0.58;0.53;517.09;35066.67
34;Santo André;2013;39.25;103218;0.14702979;702021;303098;0.43;0.578780407;;;;0.61;0.74;0.53;594.16;39191.87
34;Santo André;2014;38.92;107073;0.151900943;704887;306189;0.43;0.586281205;;;;0.63;0.73;0.51;620.41;39112.34
34;Santo André;2015;38.76;111126;0.15699732;707821;308934;0.44;0.593455125;;;;0.64;1.1;0.51;653.18;37028.47
34;Santo André;2016;40.44;115051;0.161894992;710652;311444;0.44;0.600146063;;;;0.61;1.15;0.51;775.7;39050.39
34;Santo André;2017;41.23;119170;0.167049819;713380;313722;0.44;0.606818246;;;;0.59;1.16;0.49;706.51;39876.21
34;Santo André;2018;40.72;123447;0.172385768;716109;315683;0.44;0.613216703;;67.18;;0.6;1.09;0.49;723.53;
34;Santo André;2019;40.5;127849;0.177871178;718773;317332;0.44;0.619362441;;;;0.68;1.28;0.47;786.92;
34;Santo André;2020;40.87;132329;0.183441738;721368;318681;0.44;0.62521487;;;;1.06;1.32;0.5;;
35;São Bernardo do Campo;2000;38.12;49212;0.068733572;715982;275821;0.39;0.453968117;0.74;;87.11;;;;201.48;
35;São Bernardo do Campo;2001;41.95;51593;0.071287142;723735;281058;0.39;0.459630942;;;;;;;195.76;
35;São Bernardo do Campo;2002;47.21;53963;0.073821702;730991;286344;0.39;0.465541983;;;;;;;204.48;21390.1
35;São Bernardo do Campo;2003;50.67;56361;0.076374162;737959;291678;0.4;0.471623762;;;;;;;244.64;26193.52
35;São Bernardo do Campo;2004;45;58883;0.079053395;744851;297048;0.4;0.477855303;;;;;;;285.53;30068.15
35;São Bernardo do Campo;2005;44.46;61590;0.081932429;751717;302491;0.4;0.484332535;;;;0.2;0.32;0.4;283.57;32989.06
35;São Bernardo do Campo;2006;44.88;64548;0.085112106;758388;308546;0.41;0.491956624;;;;0.19;0.38;0.4;311.02;34229.13
35;São Bernardo do Campo;2007;43.63;67712;0.088530009;764848;314572;0.41;0.499816957;;;;0.26;0.5;0.41;378.24;41968.26
35;São Bernardo do Campo;2008;42.52;71203;0.092303963;771397;320629;0.42;0.507951159;;;;0.3;0.47;0.4;466.27;48285.93
35;São Bernardo do Campo;2009;44.29;74998;0.096389289;778074;326677;0.42;0.516242671;;;;0.12;0.33;0.41;449.74;45782.56
35;São Bernardo do Campo;2010;42.53;78972;0.100640376;784695;332718;0.42;0.524649705;0.805;;90.26;0.15;0.32;0.41;586.94;55636.3
35;São Bernardo do Campo;2011;43.07;83252;0.105273673;790815;337641;0.43;0.53222688;;;;0.16;0.34;0.42;776.32;60364.82
35;São Bernardo do Campo;2012;43.41;87696;0.110033313;796995;342578;0.43;0.539870388;;;;0.63;0.89;0.44;905.52;58420.12
35;São Bernardo do Campo;2013;40.73;92311;0.114940339;803121;347393;0.43;0.547494089;;;;0.72;0.94;0.42;863.33;62491.51
35;São Bernardo do Campo;2014;41.01;97115;0.120006179;809250;351987;0.43;0.554960766;;;;0.65;1.04;0.43;948.3;60383.02
35;São Bernardo do Campo;2015;42.84;102099;0.125194814;815521;356217;0.44;0.561991659;;;;0.65;1.16;0.44;1033.26;53083.96
35;São Bernardo do Campo;2016;45.3;107223;0.130509242;821574;360081;0.44;0.568791125;;;;0.63;1.12;0.44;1083.49;54331.37
35;São Bernardo do Campo;2017;46.36;112514;0.135983863;827407;363640;0.44;0.575477365;;;;0.67;1.26;0.44;1085.06;55875.28
35;São Bernardo do Campo;2018;46.11;117951;0.141557054;833240;366848;0.44;0.581823964;;;;0.66;1.46;0.43;1142.32;
35;São Bernardo do Campo;2019;46.08;123476;0.147181668;838936;369685;0.44;0.587841027;;;;0.65;1.31;0.44;1114.57;
35;São Bernardo do Campo;2020;46.41;129080;0.152850916;844483;372137;0.44;0.593519349;;;;0.95;1.57;0.44;;
36;São Caetano do Sul;2000;38.66;22817;0.159856797;142734;58721;0.41;0.571258425;0.74;;99.44;;;;169.8;
36;São Caetano do Sul;2001;40.11;23338;0.162188833;143894;59465;0.41;0.575444424;;;;;;;198.16;
36;São Caetano do Sul;2002;43.8;23840;0.164437608;144979;60226;0.42;0.579849495;;;;;;;257.21;44594.21
36;São Caetano do Sul;2003;46.16;24348;0.166741998;146022;61004;0.42;0.584514662;;;;;;;324.05;53940.78
36;São Caetano do Sul;2004;43.49;24880;0.1691907;147053;61789;0.42;0.589372539;;;;;;;452.76;57490.68
36;São Caetano do Sul;2005;41.7;25460;0.17193409;148080;62569;0.42;0.594469206;;;;1.22;1.11;0.68;474.03;74134.35
36;São Caetano do Sul;2006;39.08;25978;0.174257771;149078;63386;0.43;0.599444586;;;;1.21;1.19;1.07;610.2;78690.44
36;São Caetano do Sul;2007;36.89;26566;0.177054731;150044;64179;0.43;0.604789262;;;;1.2;1.17;1;674.42;80566.79
36;São Caetano do Sul;2008;35.85;27281;0.180640163;151024;64941;0.43;0.610644666;;;;1.44;1.59;0.79;851.58;93341.14
36;São Caetano do Sul;2009;36.54;28116;0.184945699;152023;65659;0.43;0.616847451;;;;1.43;1.84;0.72;836.74;90704.91
36;São Caetano do Sul;2010;36.35;28992;0.189474097;153013;66369;0.43;0.623221556;0.805;;99.85;1.42;2.05;0.78;976.61;81812.07
36;São Caetano do Sul;2011;32.98;29807;0.193641224;153929;67155;0.44;0.629913791;;;;0.97;1.95;0.91;1243.1;88846.74
36;São Caetano do Sul;2012;31.02;30681;0.198129839;154853;67930;0.44;0.636803937;;;;1.05;2.14;0.9;1425.98;100797.8
36;São Caetano do Sul;2013;28.74;31613;0.202947955;155769;68668;0.44;0.643780213;;;;1.2;2.2;0.9;1237.41;106327.36
36;São Caetano do Sul;2014;30.88;32602;0.208072195;156686;69346;0.44;0.650651622;;;;1.16;2.3;0.89;1527.19;103337.53
36;São Caetano do Sul;2015;31.66;33644;0.213444653;157624;69956;0.44;0.657260316;;;;1.15;1.67;0.89;1681.8;89149.14
36;São Caetano do Sul;2016;30.02;34661;0.218640005;158530;70440;0.44;0.662972308;;;;1.16;1.87;0.88;1863.07;85986.03
36;São Caetano do Sul;2017;38.01;35739;0.224206723;159402;70854;0.44;0.668705537;;;;1.15;1.94;0.88;1627.92;86881.6
36;São Caetano do Sul;2018;35.03;36864;0.230004679;160275;71193;0.44;0.674197473;;94.82;;1.14;1.8;0.94;2077.75;
36;São Caetano do Sul;2019;34.73;38025;0.235993967;161127;71466;0.44;0.679532294;;;;1.1;2.15;0.87;2301.27;
36;São Caetano do Sul;2020;36.99;39211;0.242107473;161957;71651;0.44;0.684515026;;;;1.09;2.7;0.86;;
37;São Lourenço da Serra;2000;87.92;888;0.071480319;12423;4116;0.33;0.402801256;0.82;;15.5;;;;187.91;
37;São Lourenço da Serra;2001;86.63;922;0.072960355;12637;4287;0.34;0.412202263;;;;;;;184.08;
37;São Lourenço da Serra;2002;86.58;955;0.074388534;12838;4454;0.35;0.42132731;;;;;;;197.18;9626.15
37;São Lourenço da Serra;2003;86.77;988;0.0758192;13031;4623;0.35;0.430588596;;;;;;;239.27;11040.03
37;São Lourenço da Serra;2004;84.25;1027;0.077673574;13222;4796;0.36;0.44040236;;;;;;;289.33;12023.23
37;São Lourenço da Serra;2005;72.94;1065;0.079406502;13412;4968;0.37;0.449821056;;;;0;0.45;0;260.89;11651.81
37;São Lourenço da Serra;2006;71.83;1137;0.083627538;13596;5087;0.37;0.457781701;;;;0;1.18;0;307.95;11862.22
37;São Lourenço da Serra;2007;71.61;1211;0.087912886;13775;5202;0.38;0.465553539;;;;0;0.65;0;300.02;11240.39
37;São Lourenço da Serra;2008;75.4;1288;0.092290054;13956;5320;0.38;0.473488105;;;;0;0.21;2.15;326.08;10117.98
37;São Lourenço da Serra;2009;80.39;1374;0.097164274;14141;5437;0.38;0.481649105;;;;0;0.21;2.83;285.56;10750.63
37;São Lourenço da Serra;2010;80.08;1462;0.102066462;14324;5555;0.39;0.489877129;0.862;;44.56;0;0.7;2.79;366.01;15281.87
37;São Lourenço da Serra;2011;80.44;1532;0.105706203;14493;5695;0.39;0.498654523;;;;0;0.48;2.76;457.09;15490.38
37;São Lourenço da Serra;2012;84.56;1604;0.109383524;14664;5836;0.4;0.507364975;;;;0;0.27;2.73;551.96;12857.97
37;São Lourenço da Serra;2013;85.07;1682;0.113388162;14834;5974;0.4;0.516111635;;;;0;0.2;2.7;478.31;15415.2
37;São Lourenço da Serra;2014;85.75;1762;0.117443178;15003;6111;0.41;0.524761714;;;;0;0.33;2.67;601.25;14565.47
37;São Lourenço da Serra;2015;86.47;1844;0.121499638;15177;6238;0.41;0.532516308;;;;0;0.26;2.64;608.45;13790.22
37;São Lourenço da Serra;2016;88.36;1937;0.126238269;15344;6372;0.42;0.541514599;;;;0;0.78;2.61;689.71;13245.39
37;São Lourenço da Serra;2017;88.79;2036;0.131304011;15506;6500;0.42;0.550496582;;;;0;0.64;2.58;550.69;13708.52
37;São Lourenço da Serra;2018;88.92;2134;0.136209868;15667;6623;0.42;0.558945554;;;;0;0.38;2.55;730.97;
37;São Lourenço da Serra;2019;89.8;2236;0.141295419;15825;6744;0.43;0.567456556;;;;0;0.25;2.53;718.48;
37;São Lourenço da Serra;2020;89.83;2340;0.146451371;15978;6848;0.43;0.575040681;;;;0;0.25;2.5;;
38;São Paulo;2000;43.09;986857;0.092841294;10629505;3966778;0.37;0.466026875;0.733;;;;;;76.47;
38;São Paulo;2001;43.5;1015946;0.094666737;10731816;4040925;0.38;0.471203662;;;;;;;97.87;
38;São Paulo;2002;45.24;1045026;0.096515338;10827564;4116209;0.38;0.476675548;;;;;;;138.05;17779.5
38;São Paulo;2003;49.21;1074299;0.098383399;10919515;4192414;0.38;0.482321147;;;;;;;119.71;19289.39
38;São Paulo;2004;47.7;1105456;0.100400492;11010464;4269517;0.39;0.488169527;;;;;;;217.78;20391.05
38;São Paulo;2005;44.77;1139295;0.102629241;11101076;4347758;0.39;0.494281185;;;;0.18;0.38;0.36;262.72;23457.04
38;São Paulo;2006;43.22;1173577;0.104885653;11189109;4425191;0.4;0.500376572;;;;0.18;0.4;0.38;289.08;25933.58
38;São Paulo;2007;43.65;1211383;0.107445928;11274350;4502922;0.4;0.506841193;;;;0.2;0.37;0.38;307.71;29205.18
38;São Paulo;2008;44.07;1255192;0.110484755;11360771;4580320;0.4;0.513654575;;;;0.21;0.43;0.43;391.73;31917.9
38;São Paulo;2009;45.72;1304566;0.113946971;11448887;4657183;0.41;0.520727386;;;;0.21;0.46;0.47;418;34904.14
38;São Paulo;2010;45.4;1356157;0.117556097;11536254;4733862;0.41;0.527902645;0.805;;;0.23;0.48;0.48;460.68;40058.04
38;São Paulo;2011;44.19;1407773;0.12118197;11617017;4809080;0.41;0.535150547;;;;0.23;0.52;0.48;501.72;44373.13
38;São Paulo;2012;43.67;1462248;0.124993803;11698564;4884055;0.42;0.542485642;;;;0.24;0.5;0.48;553.43;47356.69
38;São Paulo;2013;42.84;1519590;0.129003958;11779406;4957455;0.42;0.549861767;;;;0.23;0.51;0.48;576.06;50853.2
38;São Paulo;2014;43.08;1579841;0.133204303;11860285;5027207;0.42;0.557073291;;;;0.24;0.51;0.47;639.05;54014.78
38;São Paulo;2015;45.07;1642908;0.137561995;11943037;5091653;0.43;0.563890156;;;;0.25;0.55;0.42;714.42;56437.44
38;São Paulo;2016;48.55;1706300;0.141920646;12022916;5143815;0.43;0.569754875;;;;0.24;0.55;0.42;805.7;58688.75
38;São Paulo;2017;50.5;1772685;0.146504261;12099887;5191614;0.43;0.575567276;;;;0.24;0.53;0.42;829.25;59788.23
38;São Paulo;2018;51.12;1841359;0.151217809;12176866;5234145;0.43;0.58106117;;61.25;;0.24;0.55;0.42;825.56;
38;São Paulo;2019;51.56;1911688;0.156030396;12252023;5271290;0.43;0.586268733;;;;0.23;0.56;0.41;872.44;
38;São Paulo;2020;51.79;1983144;0.16090115;12325232;5303102;0.43;0.591165018;;;66.06;0.28;0.61;0.41;;
39;Suzano;2000;77.3;14060;0.060371331;232892;79587;0.34;0.402104838;0.662;;;;;;67.97;
39;Suzano;2001;77.11;14740;0.062200654;236975;82230;0.35;0.409199283;;;;;;;77.92;
39;Suzano;2002;78.78;15408;0.06398804;240795;84866;0.35;0.416428913;;;;;;;91.64;14241.16
39;Suzano;2003;79.87;16079;0.065772196;244465;87495;0.36;0.423676191;;;;;;;112.55;16262.53
39;Suzano;2004;78.43;16790;0.067675962;248094;90135;0.36;0.430985836;;;;;;;114.08;18565.32
39;Suzano;2005;75.69;17551;0.069727067;251710;92807;0.37;0.438433117;;;;0;0.26;0.04;116.9;19456.32
39;Suzano;2006;72.26;18516;0.072548605;255222;95313;0.37;0.445999953;;;;0;0.22;0.04;151.04;21229.7
39;Suzano;2007;71.05;19538;0.075545966;258624;97830;0.38;0.453817124;;;;0;0.22;0;175.49;23700.35
39;Suzano;2008;69.42;20654;0.078810103;262073;100366;0.38;0.461779733;;;;0;0.16;0.69;243.54;24608.07
39;Suzano;2009;72.49;21860;0.082307626;265589;102913;0.39;0.469797318;;;;0;0.2;0.72;272.14;23805.61
39;Suzano;2010;70.33;23117;0.08591285;269075;105451;0.39;0.477814736;0.765;;85.01;0.01;0.19;0.74;283.55;25003.04
39;Suzano;2011;70.2;24452;0.089798676;272298;107830;0.4;0.485798647;;;;0.01;0.19;0.77;385.77;27238.41
39;Suzano;2012;70.34;25835;0.093757258;275552;110205;0.4;0.493699919;;;;0.01;0.21;0.76;424.27;28915.95
39;Suzano;2013;69.04;27264;0.097798248;278778;112559;0.4;0.501556794;;;;0;0.2;0.86;427.02;33090.66
39;Suzano;2014;68.94;28751;0.101952093;282005;114823;0.41;0.509118633;;;;0;0.2;0.85;506.97;37199.89
39;Suzano;2015;70.42;30287;0.106155825;285307;116978;0.41;0.516163291;;;;0;0.19;0.84;519.16;32632.34
39;Suzano;2016;71.9;31953;0.110757552;288495;119119;0.41;0.523655523;;;;0;0.2;0.83;549.58;37522.23
39;Suzano;2017;71.88;33663;0.115455849;291566;121159;0.42;0.531001557;;;;0;0.21;0.82;532.1;38102.04
39;Suzano;2018;72.27;35413;0.120191557;294638;123080;0.42;0.537924504;;;;0;0.18;0.78;629.51;
39;Suzano;2019;73.08;37188;0.124944143;297637;124873;0.42;0.544492116;;;;0;0.19;0.81;716.61;
39;Suzano;2020;73.07;38979;0.129688347;300559;126517;0.42;0.550627331;;;;0;0.2;0.87;;
40;Taboão da Serra;2000;69.3;10575;0.052539796;201276;71346;0.35;0.407008287;0.662;;84.78;;;;131.06;
40;Taboão da Serra;2001;65.92;11290;0.054580878;206849;74212;0.36;0.413354669;;;;;;;145.37;
40;Taboão da Serra;2002;61.16;11995;0.056562846;212065;77013;0.36;0.419720369;;;;;;;159.82;10267.27
40;Taboão da Serra;2003;70.14;12699;0.058500788;217074;79787;0.37;0.426057473;;;;;;;172.97;11673.67
40;Taboão da Serra;2004;72.53;13434;0.06050561;222029;82569;0.37;0.432389463;;;;;;;178.87;13516.07
40;Taboão da Serra;2005;70.8;14215;0.062630802;226965;85382;0.38;0.438820964;;;;0.28;0.4;0.4;175.63;15158.04
40;Taboão da Serra;2006;69.08;15165;0.065433787;231761;88444;0.38;0.447051057;;;;0.28;0.39;0.47;223.64;15478.18
40;Taboão da Serra;2007;66.29;16156;0.068340348;236405;91499;0.39;0.455383769;;;;0.28;0.36;0.42;264.24;17623.02
40;Taboão da Serra;2008;67.31;17226;0.071443976;241112;94583;0.39;0.463722254;;;;0.31;0.35;0.46;305.5;18949.85
40;Taboão da Serra;2009;67.65;18377;0.074729681;245913;97697;0.4;0.47201246;;;;0.3;0.42;0.41;297.27;19254.74
40;Taboão da Serra;2010;67.26;19570;0.078070147;250672;100812;0.4;0.480237123;0.765;;90.82;0.3;0.42;0.44;349.43;22423.07
40;Taboão da Serra;2011;65.5;20859;0.08177691;255072;103599;0.41;0.487932819;;;;0.29;0.45;0.43;364.5;24406.06
40;Taboão da Serra;2012;64.87;22190;0.085505984;259514;106404;0.41;0.495518546;;;;0.26;0.47;0.42;453.03;25526.18
40;Taboão da Serra;2013;63.43;23562;0.08927773;263918;109171;0.41;0.502932729;;;;0.26;0.49;0.42;533.02;27561.93
40;Taboão da Serra;2014;63.04;24984;0.093111313;268324;111865;0.42;0.510014013;;;;0.28;0.56;0.48;589.62;29353.04
40;Taboão da Serra;2015;65.34;26456;0.096968098;272832;114465;0.42;0.516511993;;;;0.26;0.58;0.48;607.9;29848.14
40;Taboão da Serra;2016;67.89;28089;0.101337384;277183;116858;0.42;0.522928895;;;;0.25;0.46;0.51;641.9;30238.52
40;Taboão da Serra;2017;68.82;29759;0.105762396;281376;119136;0.42;0.529167377;;;;0.25;0.53;0.5;623.34;32498.76
40;Taboão da Serra;2018;69.41;31466;0.110186644;285570;121296;0.42;0.534937143;;54.74;;0.25;0.57;0.49;672.72;
40;Taboão da Serra;2019;69.91;33192;0.114587936;289664;123299;0.43;0.540250083;;;;0.2;0.63;0.48;752.81;
40;Taboão da Serra;2020;70.13;34927;0.118940106;293652;125158;0.43;0.545152085;;;;0.53;0.65;0.44;;
41;Vargem Grande Paulista;2000;89.52;1852;0.055642351;33284;11534;0.35;0.402175219;0.659;;46.16;;;;122.96;
41;Vargem Grande Paulista;2001;87.51;2010;0.058257492;34502;12116;0.35;0.409425541;;;;;;;128.2;
41;Vargem Grande Paulista;2002;86.18;2166;0.060772706;35641;12681;0.36;0.416570803;;;;;;;143.02;9780.29
41;Vargem Grande Paulista;2003;85.91;2319;0.063126089;36736;13243;0.36;0.42361716;;;;;;;183.8;11242.51
41;Vargem Grande Paulista;2004;83.58;2479;0.065549063;37819;13798;0.36;0.430392131;;;;;;;177.03;12612.94
41;Vargem Grande Paulista;2005;80.63;2648;0.06807723;38897;14358;0.37;0.437205954;;;;0;0.46;0;197.96;13135.6
41;Vargem Grande Paulista;2006;77.27;2858;0.071548379;39945;14996;0.38;0.446964576;;;;0;0.6;0;239.21;14093.18
41;Vargem Grande Paulista;2007;75.91;3079;0.075170898;40960;15627;0.38;0.456689453;;;;0;0.51;0;316.44;15110.43
41;Vargem Grande Paulista;2008;75.12;3311;0.078855864;41988;16262;0.39;0.466156997;;;;0;0.19;0.97;333.49;16590.04
41;Vargem Grande Paulista;2009;76.13;3560;0.08271952;43037;16912;0.39;0.475683714;;;;0;0.35;1.1;384.15;17522.34
41;Vargem Grande Paulista;2010;73.06;3815;0.086553078;44077;17548;0.4;0.484674547;0.77;;46.76;0;0.25;1.23;401.04;21234.53
41;Vargem Grande Paulista;2011;71.83;4131;0.091722545;45038;18118;0.4;0.494005062;;;;0;0.29;1.2;485.03;24789.4
41;Vargem Grande Paulista;2012;72.11;4453;0.096785412;46009;18683;0.41;0.502858136;;;;0;0.24;1.32;646.02;28479.24
41;Vargem Grande Paulista;2013;72.04;4786;0.101892657;46971;19243;0.41;0.511570969;;;;0;0.28;1.29;613.9;31060.6
41;Vargem Grande Paulista;2014;72.01;5127;0.106959569;47934;19791;0.41;0.51983978;;;;0;0.27;1.26;646.6;34992.96
41;Vargem Grande Paulista;2015;72.43;5478;0.11198103;48919;20331;0.42;0.527586418;;;;0;0.2;1.23;734.7;39752.48
41;Vargem Grande Paulista;2016;74.18;5858;0.11746541;49870;20856;0.42;0.535672749;;;;0;0.26;1.21;811.09;35579.86
41;Vargem Grande Paulista;2017;75.15;6244;0.122947269;50786;21364;0.42;0.543614382;;;;0;0.2;1.19;844.82;36220.48
41;Vargem Grande Paulista;2018;77.64;6639;0.128408959;51702;21847;0.42;0.550965146;;;;0;0.21;1.16;902.12;
41;Vargem Grande Paulista;2019;78.9;7040;0.133847938;52597;22297;0.42;0.557769455;;;;0;0.19;1.14;957.93;
41;Vargem Grande Paulista;2020;79.48;7444;0.139223461;53468;22724;0.43;0.564225331;;;;0;0.26;1.25;;
